	-------	QL_BH				
	USE master					
	GO										
	Create database QL_BH					
	GO				
	--------------------------------------------					
	USE QL_BH					
	GO					
					
----------	Khachhang					
	IF  EXISTS (SELECT * FROM SYSOBJECTS  WHERE name = N'Khachhang')					
	Drop table Khachhang					
	Go					
	Create table Khachhang					
 	(					
	MaKH	nvarchar(10)	not null,			
	Hodem	nvarchar(50)	null,			
	Ten	nvarchar(20)	null,			
	diachi	nvarchar(max)	null,			
	Email	nvarchar(50)	null,			
	Dienthhoai	nvarchar(15)	null,			
						
	CONSTRAINT PK_MaKH PRIMARY KEY(MaKH)					
	)					
						
						
						
------------	SanPham					
	IF  EXISTS (SELECT * FROM SYSOBJECTS  WHERE name = N'SanPham')					
	Drop table SanPham					
	Go					
	Create table SanPham					
	(					
	masp	int identity	not null,			
	mota	nvarchar(100)	null,			
	soluong	int	null,			
	dongia	int	null,			
	tensp	nvarchar(max)	null,			
						
	CONSTRAINT PK_masp PRIMARY KEY(masp)	,				
	CONSTRAINT CK_soluong CHECK(soluong>0)	,				
	CONSTRAINT CK_dongia CHECK(dongia>0)					
	)					
						
						
						
						
						
------------	Hoadon					
	IF  EXISTS (SELECT * FROM SYSOBJECTS  WHERE name = N'Hoadon')					
	Drop table Hoadon					
	Go					
	Create table Hoadon					
	(					
	Mahd	int identity	not null,			
	ngaymua	datetime	null Default (getdate()),			
	makh	nvarchar(10)	not null,			
	trangthai	nvarchar(50)	null,			
						
	CONSTRAINT PK_Hoadon PRIMARY KEY(Mahd)	,				
	CONSTRAINT FK_Hoadon_makh FOREIGN KEY(makh) REFERENCES Khachhang(makh)					
	)					
						
---------------Hoadonchitiet			
IF  EXISTS (SELECT * FROM SYSOBJECTS  WHERE name = N'Hoadonchitiet')			
Drop table Hoadonchitiet			
Go			
Create table Hoadonchitiet			
(			
MaHDCT	int identity	not null,	
masp	int	not null,	
soluong	int	null Default (1),	
mahd	int	not null,	
			
CONSTRAINT PK_Hoadonchitiet PRIMARY KEY(MaHDCT)	,		
CONSTRAINT FK_Hoadonchitiet_SanPham FOREIGN KEY(masp) REFERENCES SanPham(masp)	,		
CONSTRAINT FK_Hoadonchitiet_Hoadon FOREIGN KEY(mahd) REFERENCES Hoadon(Mahd)			
			
)			




---------------------------------
----------------------
 Delete from Khachhang
INSERT INTO Khachhang  VALUES (N'KH0001',N'Thái Thị',N'Hải',N'01 Hàn Mặc Tử - TP.Quy Nhơn Bình Định',N'ThaiThiHaiPH03236@fpt.edu.vn',N'093128603515')
INSERT INTO Khachhang  VALUES (N'KH0002',N'Phan Thị',N'Hoài',N' Đề Thám - TX. Thái Bình - Ninh Thuận',N'PhanThiHoaiPH03237@fpt.edu.vn',N'096342829232')
INSERT INTO Khachhang  VALUES (N'KH0003',N'Trần Văn',N'Hùng',N'TP. Bắc Giang - tỉnh Bắc Giang',N'TranVanHungPH03238@fpt.edu.vn',N'091072846891')
INSERT INTO Khachhang  VALUES (N'KH0004',N'Đỗ Văn',N'Gia',N' Bãi Cháy, Hạ Long - Quảng Ninh ',N'DoVanGiaKhanhPH03239@fpt.edu.vn',N'092293970286')
INSERT INTO Khachhang  VALUES (N'KH0005',N'Hồ Minh',N'Long',N'Phường Tân Thành- Thành phố Ninh Bình',N'HoMinhLongPH03240@fpt.edu.vn',N'092318049299')
INSERT INTO Khachhang  VALUES (N'KH0006',N'Trương Văn',N'Bạn',N'Đường Lý Bôn - TX. Thái Bình - Thái Bình',N'TruongVanBanPK02932@fpt.edu.vn',N'094079558994')
INSERT INTO Khachhang  VALUES (N'KH0007',N'Trần Trọng',N'Duy',N'Tp. Đà Lạt - Lâm Đồng',N'TranTrongDuyPK02933@fpt.edu.vn',N'099760347570')
INSERT INTO Khachhang  VALUES (N'KH0008',N'Võ Huỳnh',N'Đức',N'P.Hợp Giang - Tx.Cao Bằng - Cao Bằng',N'VoHuynhDucPK02934@fpt.edu.vn',N'093940556628')
INSERT INTO Khachhang  VALUES (N'KH0009',N'Lê Thị',N'Hiếu',N'Lý Thường Kiệt - Tx. Cao Lãnh - Đồng Tháp ',N'LeThiHieuPK02935@fpt.edu.vn',N'097363617073')
INSERT INTO Khachhang  VALUES (N'KH0010',N'Hoàng Văn',N'Huấn',N'huyện Gia Viễn - Ninh Bình',N'HoangVanHuanPK02936@fpt.edu.vn',N'096089307608')
INSERT INTO Khachhang  VALUES (N'KH0011',N'Phan Thị',N'Thanh',N'Quang Trung - Hải Châu - Đà Nẵng',N'PhanThiThanhHuongPK02937@fpt.edu.vn',N'096987639121')
INSERT INTO Khachhang  VALUES (N'KH0012',N'Trương Công',N'Lâm',N'01 Hàn Mặc Tử  - TP.Quy Nhơn Bình Định',N'TruongCongLamPK02938@fpt.edu.vn',N'094864407278')
INSERT INTO Khachhang  VALUES (N'KH0013',N'Lê Thị',N'Dung',N' Đề Thám - TX. Thái Bình - Ninh Thuận',N'LeThiDungAnhPQ02958@fpt.edu.vn',N'095023960970')
INSERT INTO Khachhang  VALUES (N'KH0014',N'Vi Thị',N'Diệu',N'TP. Bắc Giang - tỉnh Bắc Giang',N'ViThiDieuPQ02959@fpt.edu.vn',N'093371283505')
INSERT INTO Khachhang  VALUES (N'KH0015',N'Hoàng Đông',N'Khánh',N'Khu Bến Do - Cẩm Trung -Cẩm Phả - Quảng Ninh',N'HoangDongPQ02960@fpt.edu.vn',N'094323852418')
INSERT INTO Khachhang  VALUES (N'KH0016',N'Lê Thị',N'Hồng',N'Lạc Trung - Hai Bà Trưng - Hà Nội',N'LeThiHongHanhPQ02961@fpt.edu.vn',N'096414819784')
INSERT INTO Khachhang  VALUES (N'KH0017',N'Nguyễn Thị',N'Nhật',N'Bá Hiến - Bình Xuyên - Vĩnh Phúc',N'NguyenThiNhatHoangPQ02962@fpt.edu.vn',N'094907565629')
INSERT INTO Khachhang  VALUES (N'KH0018',N'Nguyễn Thị',N'Quỳnh',N'TP. Bắc Giang - tỉnh Bắc Giang',N'NguyenThiQuynhHuongPQ02963@fpt.edu.vn',N'096675748039')
INSERT INTO Khachhang  VALUES (N'KH0019',N'Lô Thị',N'Lan',N'Khu 9 - Bãi Cháy - Hạ Long - Quảng Ninh ',N'LoThiLanPQ02964@fpt.edu.vn',N'09888335026')
INSERT INTO Khachhang  VALUES (N'KH0020',N'Nguyễn Như',N'Mạnh',N'Cúc Phương -  huyện Nho Quan - Ninh Bình',N'NguyenNhuManhPQ02965@fpt.edu.vn',N'091560197671')
INSERT INTO Khachhang  VALUES (N'KH0021',N'Bùi Thị',N'Mai',N'Quang Trung, Hải Châu, Đà Nẵng',N'BuiThiMaiAnhPS02913@fpt.edu.vn',N'099036179825')
INSERT INTO Khachhang  VALUES (N'KH0022',N'Phạm Ngọc',N'Văn',N'Lạc Trung - Hai Bà Trưng - Hà Nội',N'PhamNgocVanChuongPS02914@fpt.edu.vn',N'098367023254')
INSERT INTO Khachhang  VALUES (N'KH0023',N'Ksơr H',N'Đỏ',N'Phường Tân Thành- Thành phố Ninh Bình',N'KsorH_DoPS02915@fpt.edu.vn',N'096289289495')
INSERT INTO Khachhang  VALUES (N'KH0024',N'Vi Thị',N'Hải',N' Đề Thám - TX. Thái Bình - Thái Bình',N'ViThiHaiPS02916@fpt.edu.vn',N'092686465849')
INSERT INTO Khachhang  VALUES (N'KH0025',N'Hồ Anh',N'Hoàng',N'Tp. Đà Lạt - Lâm Đồng',N'HoAnhHoangPS02917@fpt.edu.vn',N'099107328790')
INSERT INTO Khachhang  VALUES (N'KH0026',N'Trần Thái',N'Hưng',N'P.Hợp Giang - Tx.Cao Bằng - Cao Bằng',N'TranThaiHungPS02918@fpt.edu.vn',N'097166418717')
INSERT INTO Khachhang  VALUES (N'KH0027',N'Võ Đông',N'Kinh',N'Tx. Cao Lãnh - Đồng Tháp ',N'VoDongKinhPS02919@fpt.edu.vn',N'091200154782')
INSERT INTO Khachhang  VALUES (N'KH0028',N'Nguyễn Quang',N'Lực',N'P. Đống Đa - TP. Pleiku',N'NguyenQuangLucPS02920@fpt.edu.vn',N'099725006534')
----------------------




 Delete from Sanpham
INSERT INTO Sanpham  VALUES (N'Máy phay mộng đa năng 5 động cơ',442,727000,N'Máy phay mộng đa năng 5 động cơ')
INSERT INTO Sanpham  VALUES (N'Than hoạt tính sọ dừa ',778,282000,N'Than hoạt tính sọ dừa ')
INSERT INTO Sanpham  VALUES (N' Ghế tạ đa năng',995,971000,N' Ghế tạ đa năng')
INSERT INTO Sanpham  VALUES (N'Nệm, gối cao su thiên nhiên',725,208000,N'Nệm, gối cao su thiên nhiên')
INSERT INTO Sanpham  VALUES (N'Phân NPK',303,765000,N'Phân NPK')
INSERT INTO Sanpham  VALUES (N'Nước cốt dừa đóng lon',131,207000,N'Nước cốt dừa đóng lon')
INSERT INTO Sanpham  VALUES (N'Tinh bột sắn, BDSTAR',635,32000,N'Tinh bột sắn, BDSTAR')
INSERT INTO Sanpham  VALUES (N'Bánh tráng dẻo xuất khẩu',895,476000,N'Bánh tráng dẻo xuất khẩu')
INSERT INTO Sanpham  VALUES (N'Máy phát điện',706,557000,N'Máy phát điện')
INSERT INTO Sanpham  VALUES (N'Kẹo dừa ca cao',848,974000,N'Kẹo dừa ca cao')
INSERT INTO Sanpham  VALUES (N'Muối chanh ớt DASAVI',841,776000,N'Muối chanh ớt DASAVI')
INSERT INTO Sanpham  VALUES (N'Ô Long kim tuyên trà',140,865000,N'Ô Long kim tuyên trà')
INSERT INTO Sanpham  VALUES (N'Dây chuyền chế biến bột cá',580,419000,N'Dây chuyền chế biến bột cá')
INSERT INTO Sanpham  VALUES (N'Bao bì nhựa cao cấp',632,130000,N'Bao bì nhựa cao cấp')
INSERT INTO Sanpham  VALUES (N'Máng phản quang T5 - hiệu Elink',841,891000,N'Máng phản quang T5 - hiệu Elink')
INSERT INTO Sanpham  VALUES (N'Bồn inox, Tank inox',442,434000,N'Bồn inox, Tank inox')
INSERT INTO Sanpham  VALUES (N'Cặp cán bộ C11864; cặp học sinh CA1216',581,226000,N'Cặp cán bộ C11864; cặp học sinh CA1216')
INSERT INTO Sanpham  VALUES (N'Chè Ô Long',935,815000,N'Chè Ô Long')
INSERT INTO Sanpham  VALUES (N'Nước mắm Tứ tuyệt - Nước mắm ruốc hiệu con cá vàng',267,168000,N'Nước mắm Tứ tuyệt - Nước mắm ruốc hiệu con cá vàng')
INSERT INTO Sanpham  VALUES (N'Máy bóc vỏ lụa nhân hạt điều',426,675000,N'Máy bóc vỏ lụa nhân hạt điều')
INSERT INTO Sanpham  VALUES (N'Kính cường lực',959,575000,N'Kính cường lực')
INSERT INTO Sanpham  VALUES (N'Máy tuốt lúa Tân Việt',898,981000,N'Máy tuốt lúa Tân Việt')
INSERT INTO Sanpham  VALUES (N'Miến dong Nhất Thiện Ba Bể',615,566000,N'Miến dong Nhất Thiện Ba Bể')
INSERT INTO Sanpham  VALUES (N'Kẹo Cu đơ Phong Nga',705,164000,N'Kẹo Cu đơ Phong Nga')
INSERT INTO Sanpham  VALUES (N'Nước mắm Vạn Phần',839,146000,N'Nước mắm Vạn Phần')
INSERT INTO Sanpham  VALUES (N'Lạp xưởng Mai Quế Lộ hút chân không hiệu Quãng Trân',110,559000,N'Lạp xưởng Mai Quế Lộ hút chân không hiệu Quãng Trân')
INSERT INTO Sanpham  VALUES (N'Chè xanh Quyết Thắng',503,556000,N'Chè xanh Quyết Thắng')
INSERT INTO Sanpham  VALUES (N'Cá bò tẩm gia vị',878,779000,N'Cá bò tẩm gia vị')
INSERT INTO Sanpham  VALUES (N'Nước mắm Nam Phan',844,794000,N'Nước mắm Nam Phan')
INSERT INTO Sanpham  VALUES (N'Đặc sản mỳ gạo Chũ truyền thống',533,397000,N'Đặc sản mỳ gạo Chũ truyền thống')
INSERT INTO Sanpham  VALUES (N'Trà Shan tuyết công phu Độ Khoa',628,787000,N'Trà Shan tuyết công phu Độ Khoa')
INSERT INTO Sanpham  VALUES (N'Cà phê Tâm Châu hộp trống',255,412000,N'Cà phê Tâm Châu hộp trống')
INSERT INTO Sanpham  VALUES (N'Máy làm nhang tự động',590,941000,N'Máy làm nhang tự động')
INSERT INTO Sanpham  VALUES (N'Máy gieo hạt tự động thế hệ mới',545,113000,N'Máy gieo hạt tự động thế hệ mới')
INSERT INTO Sanpham  VALUES (N'Gạch không nung chống thấm',567,536000,N'Gạch không nung chống thấm')
INSERT INTO Sanpham  VALUES (N'Cặp phao cứu sinh',608,226000,N'Cặp phao cứu sinh')
INSERT INTO Sanpham  VALUES (N'Bộ sản phẩm Composite FRP',647,523000,N'Bộ sản phẩm Composite FRP')
INSERT INTO Sanpham  VALUES (N'Nhóm SP: Jăm  bông, Lạp xường',537,239000,N'Nhóm SP: Jăm  bông, Lạp xường')
INSERT INTO Sanpham  VALUES (N'Trà Ô Long ',224,444000,N'Trà Ô Long ')
INSERT INTO Sanpham  VALUES (N'Chẹt vận chuyển máy nông nghiệp',879,341000,N'Chẹt vận chuyển máy nông nghiệp')
INSERT INTO Sanpham  VALUES (N'Kéo cắt tỉa đa năng, pl',997,267000,N'Kéo cắt tỉa đa năng, pl')
INSERT INTO Sanpham  VALUES (N'Bộ sản phẩm thủ công mỹ nghệ: Mũ cói, Rổ cói, Mũ giấy',243,758000,N'Bộ sản phẩm thủ công mỹ nghệ: Mũ cói, Rổ cói, Mũ giấy')
INSERT INTO Sanpham  VALUES (N'Rào chắn trẻ em ',107,265000,N'Rào chắn trẻ em ')
INSERT INTO Sanpham  VALUES (N'Cà phê phin giấy',361,618000,N'Cà phê phin giấy')
INSERT INTO Sanpham  VALUES (N'Dây chuyền sản xuất bánh hỏi tự động',846,394000,N'Dây chuyền sản xuất bánh hỏi tự động')
INSERT INTO Sanpham  VALUES (N'Máy kéo lúa',413,619000,N'Máy kéo lúa')
INSERT INTO Sanpham  VALUES (N'Que hàn điện xuyên Á, Xuyen A-XA421 và A-H6013',760,881000,N'Que hàn điện xuyên Á, Xuyen A-XA421 và A-H6013')
INSERT INTO Sanpham  VALUES (N'Bộ sản phẩm đồ thờ men rạn giả cổ đắp nổi ',493,509000,N'Bộ sản phẩm đồ thờ men rạn giả cổ đắp nổi ')
INSERT INTO Sanpham  VALUES (N'Vài thiều nước đường đóng hộp',815,57000,N'Vài thiều nước đường đóng hộp')
INSERT INTO Sanpham  VALUES (N'Miến Việt Cường',882,210000,N'Miến Việt Cường')
INSERT INTO Sanpham  VALUES (N'Nha đam tươi',519,388000,N'Nha đam tươi')
INSERT INTO Sanpham  VALUES (N'Cà phê Hương chồn',579,209000,N'Cà phê Hương chồn')
INSERT INTO Sanpham  VALUES (N'Dàn cày bảy chảo',468,602000,N'Dàn cày bảy chảo')
INSERT INTO Sanpham  VALUES (N'Bộ lọ gốm hoa văn cách điệu hoa cúc dây  ',448,131000,N'Bộ lọ gốm hoa văn cách điệu hoa cúc dây  ')
INSERT INTO Sanpham  VALUES (N'TULIPAN SET ',685,788000,N'TULIPAN SET ')
INSERT INTO Sanpham  VALUES (N'Rèm gỗ nội thất',277,978000,N'Rèm gỗ nội thất')
INSERT INTO Sanpham  VALUES (N'Khung trang trí treo tường',922,284000,N'Khung trang trí treo tường')
INSERT INTO Sanpham  VALUES (N'Bộ bàn ghế làm việc',972,789000,N'Bộ bàn ghế làm việc')
INSERT INTO Sanpham  VALUES (N'Bộ kết nối cầu sau ',906,648000,N'Bộ kết nối cầu sau ')
INSERT INTO Sanpham  VALUES (N'Tiêu Tiên Phước',251,173000,N'Tiêu Tiên Phước')
INSERT INTO Sanpham  VALUES (N'Hạt sen sấy ',920,152000,N'Hạt sen sấy ')
INSERT INTO Sanpham  VALUES (N'Nước mắm  Khải Hoàn',944,934000,N'Nước mắm  Khải Hoàn')
INSERT INTO Sanpham  VALUES (N'Nước mắm Gia Hỷ 60N 500ml không phụ gia',887,784000,N'Nước mắm Gia Hỷ 60N 500ml không phụ gia')
INSERT INTO Sanpham  VALUES (N'Cửa xếp Thống Nhất',855,545000,N'Cửa xếp Thống Nhất')
INSERT INTO Sanpham  VALUES (N'Khung xe đạp sắt và inox',594,446000,N'Khung xe đạp sắt và inox')
INSERT INTO Sanpham  VALUES (N'Máy ép củi trấu, BL-ET250',841,147000,N'Máy ép củi trấu, BL-ET250')
INSERT INTO Sanpham  VALUES (N'Bàn ghế mây nhựa',402,45000,N'Bàn ghế mây nhựa')
INSERT INTO Sanpham  VALUES (N'Bàn mây xếp',788,530000,N'Bàn mây xếp')
INSERT INTO Sanpham  VALUES (N'Vải lụa tơ tằm Mã Châu',651,227000,N'Vải lụa tơ tằm Mã Châu')
INSERT INTO Sanpham  VALUES (N'Chè nõn Trại Cài Nguyên Việt',643,72000,N'Chè nõn Trại Cài Nguyên Việt')
INSERT INTO Sanpham  VALUES (N' Rong nho khô',731,427000,N' Rong nho khô')
INSERT INTO Sanpham  VALUES (N'Máy đầm dùi',829,594000,N'Máy đầm dùi')
INSERT INTO Sanpham  VALUES (N'Túi làn hoa quai gỗ',948,440000,N'Túi làn hoa quai gỗ')
INSERT INTO Sanpham  VALUES (N'Hộp tròn đan mây ',700,512000,N'Hộp tròn đan mây ')
INSERT INTO Sanpham  VALUES (N'Bộ chăn ga gối',465,410000,N'Bộ chăn ga gối')
INSERT INTO Sanpham  VALUES (N'Lan can đá',850,780000,N'Lan can đá')
INSERT INTO Sanpham  VALUES (N'Bộ sản phẩm chạm bạcđồ thờ Đồng Xâm',478,196000,N'Bộ sản phẩm chạm bạcđồ thờ Đồng Xâm')
INSERT INTO Sanpham  VALUES (N'Bộ bàn đôn ghế ngồi 2 chức năng',870,877000,N'Bộ bàn đôn ghế ngồi 2 chức năng')
INSERT INTO Sanpham  VALUES (N'Bộ ghế Sofa',634,555000,N'Bộ ghế Sofa')
INSERT INTO Sanpham  VALUES (N'Bộ sản phẩm gốm men cổ',252,570000,N'Bộ sản phẩm gốm men cổ')
INSERT INTO Sanpham  VALUES (N'Sọt đựng rác cây nấm bằng mây tre (AC540063)',315,710000,N'Sọt đựng rác cây nấm bằng mây tre (AC540063)')
INSERT INTO Sanpham  VALUES (N'Chiếu cói gấp Xuân Hòa',114,155000,N'Chiếu cói gấp Xuân Hòa')
INSERT INTO Sanpham  VALUES (N'Ghế giả mây',908,873000,N'Ghế giả mây')
INSERT INTO Sanpham  VALUES (N'Bộ ăn 15 sản phẩm hoa Phù Dung',682,823000,N'Bộ ăn 15 sản phẩm hoa Phù Dung')
INSERT INTO Sanpham  VALUES (N'Đèn đá',275,205000,N'Đèn đá')
INSERT INTO Sanpham  VALUES (N'Sản phẩm sứ dân dụng (đĩa bầu dục)',173,441000,N'Sản phẩm sứ dân dụng (đĩa bầu dục)')
INSERT INTO Sanpham  VALUES (N'Sứa Cửa Việt',339,992000,N'Sứa Cửa Việt')
INSERT INTO Sanpham  VALUES (N'Cơm cháy chà bông',553,347000,N'Cơm cháy chà bông')
INSERT INTO Sanpham  VALUES (N'Bánh hạnh nhân',860,775000,N'Bánh hạnh nhân')
INSERT INTO Sanpham  VALUES (N'Củ quả sấy tổng hợp TCTH 200',131,759000,N'Củ quả sấy tổng hợp TCTH 200')
INSERT INTO Sanpham  VALUES (N'Nhóm sản phẩm: Sữa chua, sữa tươi thanh trùng',715,658000,N'Nhóm sản phẩm: Sữa chua, sữa tươi thanh trùng')
INSERT INTO Sanpham  VALUES (N'Nước mắm Phan Thiết Mũi Né',191,383000,N'Nước mắm Phan Thiết Mũi Né')
INSERT INTO Sanpham  VALUES (N'Tinh dầu hoa hồi',739,226000,N'Tinh dầu hoa hồi')
INSERT INTO Sanpham  VALUES (N'Nước tương Magic',151,219000,N'Nước tương Magic')
INSERT INTO Sanpham  VALUES (N'Tôm khô ',473,714000,N'Tôm khô ')
INSERT INTO Sanpham  VALUES (N'Máy nạo vét ao hồ',874,477000,N'Máy nạo vét ao hồ')
INSERT INTO Sanpham  VALUES (N'Ống gang thoát nước cầu đường bộ',348,389000,N'Ống gang thoát nước cầu đường bộ')
INSERT INTO Sanpham  VALUES (N'Nắp hố ga thoát nước (HOUSING ECO 425)',605,229000,N'Nắp hố ga thoát nước (HOUSING ECO 425)')
INSERT INTO Sanpham  VALUES (N'Pat Caraka (Patk-1400)',980,475000,N'Pat Caraka (Patk-1400)')
INSERT INTO Sanpham  VALUES (N'Cụm SP trang bị tàu đánh bắt xa bờ',479,106000,N'Cụm SP trang bị tàu đánh bắt xa bờ')

--------------------
  Delete from Hoadon
INSERT INTO Hoadon  VALUES ('6/22/2016',N'KH0027',N'Đã trả')
INSERT INTO Hoadon  VALUES ('4/28/2016',N'KH0017',N'chưa trả')
INSERT INTO Hoadon  VALUES ('5/25/2017',N'KH0014',N'Đã trả')
INSERT INTO Hoadon  VALUES ('11/21/2017',N'KH0011',N'Đã trả')
INSERT INTO Hoadon  VALUES ('2/24/2017',N'KH0006',N'Đã trả')
INSERT INTO Hoadon  VALUES ('4/14/2017',N'KH0020',N'Đã trả')
INSERT INTO Hoadon  VALUES ('11/12/2016',N'KH0022',N'Đã trả')
INSERT INTO Hoadon  VALUES ('2/13/2017',N'KH0026',N'Đã trả')
INSERT INTO Hoadon  VALUES ('4/22/2017',N'KH0017',N'chưa trả')
INSERT INTO Hoadon  VALUES ('4/28/2016',N'KH0007',N'Đã trả')
INSERT INTO Hoadon  VALUES ('4/28/2017',N'KH0020',N'chưa trả')
INSERT INTO Hoadon  VALUES ('11/1/2017',N'KH0003',N'Đã trả')
INSERT INTO Hoadon  VALUES ('7/15/2016',N'KH0015',N'Đã trả')
INSERT INTO Hoadon  VALUES ('12/30/2016',N'KH0007',N'Đã trả')
INSERT INTO Hoadon  VALUES ('6/12/2017',N'KH0002',N'chưa trả')
INSERT INTO Hoadon  VALUES ('3/27/2017',N'KH0024',N'Đã trả')
INSERT INTO Hoadon  VALUES ('1/31/2017',N'KH0018',N'Đã trả')
INSERT INTO Hoadon  VALUES ('9/9/2017',N'KH0009',N'chưa trả')
INSERT INTO Hoadon  VALUES ('1/21/2016',N'KH0002',N'Đã trả')
INSERT INTO Hoadon  VALUES ('5/9/2017',N'KH0001',N'chưa trả')
INSERT INTO Hoadon  VALUES ('9/24/2016',N'KH0005',N'chưa trả')
INSERT INTO Hoadon  VALUES ('10/6/2017',N'KH0013',N'chưa trả')
INSERT INTO Hoadon  VALUES ('5/23/2016',N'KH0020',N'Đã trả')
INSERT INTO Hoadon  VALUES ('10/29/2017',N'KH0008',N'chưa trả')
INSERT INTO Hoadon  VALUES ('10/26/2017',N'KH0012',N'Đã trả')
INSERT INTO Hoadon  VALUES ('12/28/2017',N'KH0014',N'Đã trả')
INSERT INTO Hoadon  VALUES ('1/8/2016',N'KH0025',N'chưa trả')
INSERT INTO Hoadon  VALUES ('3/30/2017',N'KH0009',N'chưa trả')
INSERT INTO Hoadon  VALUES ('3/5/2016',N'KH0004',N'chưa trả')
INSERT INTO Hoadon  VALUES ('2/6/2017',N'KH0021',N'Đã trả')
INSERT INTO Hoadon  VALUES ('6/26/2017',N'KH0027',N'chưa trả')
INSERT INTO Hoadon  VALUES ('7/9/2017',N'KH0028',N'Đã trả')
INSERT INTO Hoadon  VALUES ('9/18/2017',N'KH0008',N'chưa trả')
INSERT INTO Hoadon  VALUES ('4/24/2016',N'KH0025',N'chưa trả')
INSERT INTO Hoadon  VALUES ('11/9/2016',N'KH0008',N'chưa trả')
INSERT INTO Hoadon  VALUES ('11/6/2016',N'KH0022',N'chưa trả')
INSERT INTO Hoadon  VALUES ('1/23/2018',N'KH0017',N'chưa trả')
INSERT INTO Hoadon  VALUES ('3/23/2017',N'KH0007',N'chưa trả')
INSERT INTO Hoadon  VALUES ('1/15/2018',N'KH0027',N'Đã trả')
INSERT INTO Hoadon  VALUES ('1/6/2018',N'KH0023',N'chưa trả')
INSERT INTO Hoadon  VALUES ('8/4/2017',N'KH0008',N'chưa trả')
INSERT INTO Hoadon  VALUES ('10/21/2016',N'KH0016',N'Đã trả')
INSERT INTO Hoadon  VALUES ('1/21/2017',N'KH0001',N'chưa trả')
INSERT INTO Hoadon  VALUES ('1/1/2017',N'KH0023',N'Đã trả')
INSERT INTO Hoadon  VALUES ('2/28/2017',N'KH0011',N'chưa trả')
INSERT INTO Hoadon  VALUES ('5/24/2016',N'KH0011',N'Đã trả')
INSERT INTO Hoadon  VALUES ('1/26/2016',N'KH0017',N'chưa trả')
INSERT INTO Hoadon  VALUES ('6/23/2016',N'KH0024',N'Đã trả')
INSERT INTO Hoadon  VALUES ('10/5/2017',N'KH0021',N'chưa trả')
INSERT INTO Hoadon  VALUES ('9/8/2017',N'KH0017',N'chưa trả')
INSERT INTO Hoadon  VALUES ('10/19/2016',N'KH0001',N'Đã trả')
INSERT INTO Hoadon  VALUES ('9/11/2016',N'KH0017',N'chưa trả')
INSERT INTO Hoadon  VALUES ('7/2/2016',N'KH0014',N'Đã trả')
INSERT INTO Hoadon  VALUES ('1/2/2018',N'KH0011',N'chưa trả')
INSERT INTO Hoadon  VALUES ('12/24/2017',N'KH0020',N'chưa trả')
INSERT INTO Hoadon  VALUES ('1/11/2018',N'KH0015',N'Đã trả')
INSERT INTO Hoadon  VALUES ('4/14/2017',N'KH0007',N'chưa trả')
INSERT INTO Hoadon  VALUES ('2/11/2016',N'KH0006',N'Đã trả')
INSERT INTO Hoadon  VALUES ('11/17/2017',N'KH0008',N'chưa trả')
INSERT INTO Hoadon  VALUES ('9/7/2017',N'KH0016',N'chưa trả')
INSERT INTO Hoadon  VALUES ('10/18/2016',N'KH0007',N'chưa trả')
INSERT INTO Hoadon  VALUES ('8/18/2017',N'KH0014',N'Đã trả')
INSERT INTO Hoadon  VALUES ('4/16/2016',N'KH0009',N'chưa trả')
INSERT INTO Hoadon  VALUES ('2/25/2017',N'KH0027',N'chưa trả')
INSERT INTO Hoadon  VALUES ('9/17/2017',N'KH0011',N'Đã trả')
INSERT INTO Hoadon  VALUES ('8/29/2017',N'KH0003',N'chưa trả')
INSERT INTO Hoadon  VALUES ('4/29/2016',N'KH0002',N'chưa trả')
INSERT INTO Hoadon  VALUES ('7/19/2017',N'KH0024',N'chưa trả')
INSERT INTO Hoadon  VALUES ('8/9/2016',N'KH0006',N'chưa trả')
INSERT INTO Hoadon  VALUES ('11/8/2017',N'KH0027',N'Đã trả')
INSERT INTO Hoadon  VALUES ('6/11/2017',N'KH0016',N'chưa trả')
INSERT INTO Hoadon  VALUES ('2/7/2017',N'KH0013',N'chưa trả')
INSERT INTO Hoadon  VALUES ('11/24/2017',N'KH0014',N'chưa trả')
INSERT INTO Hoadon  VALUES ('3/23/2017',N'KH0014',N'Đã trả')
INSERT INTO Hoadon  VALUES ('10/16/2017',N'KH0017',N'Đã trả')
INSERT INTO Hoadon  VALUES ('1/4/2016',N'KH0009',N'Đã trả')
INSERT INTO Hoadon  VALUES ('2/24/2017',N'KH0023',N'chưa trả')
INSERT INTO Hoadon  VALUES ('5/10/2017',N'KH0014',N'chưa trả')
INSERT INTO Hoadon  VALUES ('9/20/2017',N'KH0028',N'chưa trả')
INSERT INTO Hoadon  VALUES ('9/17/2017',N'KH0020',N'Đã trả')
INSERT INTO Hoadon  VALUES ('1/14/2018',N'KH0021',N'Đã trả')
INSERT INTO Hoadon  VALUES ('2/27/2016',N'KH0025',N'chưa trả')
INSERT INTO Hoadon  VALUES ('12/4/2017',N'KH0011',N'chưa trả')
INSERT INTO Hoadon  VALUES ('5/17/2017',N'KH0012',N'Đã trả')
INSERT INTO Hoadon  VALUES ('2/19/2017',N'KH0023',N'chưa trả')
INSERT INTO Hoadon  VALUES ('6/2/2016',N'KH0021',N'chưa trả')
INSERT INTO Hoadon  VALUES ('6/26/2017',N'KH0018',N'chưa trả')
INSERT INTO Hoadon  VALUES ('7/28/2016',N'KH0013',N'chưa trả')
INSERT INTO Hoadon  VALUES ('10/23/2016',N'KH0026',N'Đã trả')
INSERT INTO Hoadon  VALUES ('6/1/2016',N'KH0027',N'Đã trả')
INSERT INTO Hoadon  VALUES ('12/11/2016',N'KH0006',N'Đã trả')
INSERT INTO Hoadon  VALUES ('7/4/2017',N'KH0020',N'Đã trả')
INSERT INTO Hoadon  VALUES ('2/12/2016',N'KH0014',N'chưa trả')
INSERT INTO Hoadon  VALUES ('7/1/2017',N'KH0027',N'chưa trả')
INSERT INTO Hoadon  VALUES ('1/27/2017',N'KH0024',N'chưa trả')
INSERT INTO Hoadon  VALUES ('2/23/2016',N'KH0016',N'chưa trả')
INSERT INTO Hoadon  VALUES ('2/24/2017',N'KH0011',N'Đã trả')
INSERT INTO Hoadon  VALUES ('2/13/2017',N'KH0022',N'chưa trả')
INSERT INTO Hoadon  VALUES ('9/24/2016',N'KH0005',N'chưa trả')
INSERT INTO Hoadon  VALUES ('12/12/2016',N'KH0024',N'Đã trả')
INSERT INTO Hoadon  VALUES ('11/20/2017',N'KH0022',N'chưa trả')
INSERT INTO Hoadon  VALUES ('5/22/2017',N'KH0025',N'chưa trả')
INSERT INTO Hoadon  VALUES ('5/3/2017',N'KH0026',N'chưa trả')
INSERT INTO Hoadon  VALUES ('5/2/2016',N'KH0025',N'Đã trả')
INSERT INTO Hoadon  VALUES ('8/18/2017',N'KH0001',N'chưa trả')
INSERT INTO Hoadon  VALUES ('4/6/2017',N'KH0024',N'chưa trả')
INSERT INTO Hoadon  VALUES ('3/16/2016',N'KH0024',N'Đã trả')
INSERT INTO Hoadon  VALUES ('9/28/2016',N'KH0018',N'chưa trả')
INSERT INTO Hoadon  VALUES ('4/20/2016',N'KH0021',N'chưa trả')
INSERT INTO Hoadon  VALUES ('7/11/2017',N'KH0027',N'chưa trả')
INSERT INTO Hoadon  VALUES ('5/21/2016',N'KH0009',N'Đã trả')
INSERT INTO Hoadon  VALUES ('10/28/2016',N'KH0012',N'chưa trả')
INSERT INTO Hoadon  VALUES ('7/28/2016',N'KH0028',N'chưa trả')
INSERT INTO Hoadon  VALUES ('10/24/2016',N'KH0016',N'chưa trả')
INSERT INTO Hoadon  VALUES ('7/28/2017',N'KH0022',N'Đã trả')
INSERT INTO Hoadon  VALUES ('7/21/2017',N'KH0002',N'chưa trả')
INSERT INTO Hoadon  VALUES ('6/18/2016',N'KH0013',N'chưa trả')
INSERT INTO Hoadon  VALUES ('8/29/2017',N'KH0015',N'chưa trả')
INSERT INTO Hoadon  VALUES ('5/25/2016',N'KH0018',N'Đã trả')
INSERT INTO Hoadon  VALUES ('5/13/2017',N'KH0017',N'Đã trả')
INSERT INTO Hoadon  VALUES ('8/24/2017',N'KH0025',N'Đã trả')
INSERT INTO Hoadon  VALUES ('8/14/2017',N'KH0022',N'chưa trả')
INSERT INTO Hoadon  VALUES ('9/19/2017',N'KH0012',N'chưa trả')
INSERT INTO Hoadon  VALUES ('4/2/2017',N'KH0017',N'Đã trả')
INSERT INTO Hoadon  VALUES ('8/30/2016',N'KH0020',N'chưa trả')
INSERT INTO Hoadon  VALUES ('3/17/2017',N'KH0008',N'chưa trả')
INSERT INTO Hoadon  VALUES ('10/26/2017',N'KH0019',N'Đã trả')
INSERT INTO Hoadon  VALUES ('11/7/2016',N'KH0005',N'chưa trả')
INSERT INTO Hoadon  VALUES ('3/22/2016',N'KH0024',N'chưa trả')
INSERT INTO Hoadon  VALUES ('12/29/2017',N'KH0011',N'Đã trả')
INSERT INTO Hoadon  VALUES ('4/10/2016',N'KH0017',N'chưa trả')
INSERT INTO Hoadon  VALUES ('10/25/2016',N'KH0010',N'chưa trả')
INSERT INTO Hoadon  VALUES ('1/14/2017',N'KH0011',N'Đã trả')
INSERT INTO Hoadon  VALUES ('4/10/2016',N'KH0017',N'Đã trả')
INSERT INTO Hoadon  VALUES ('1/10/2018',N'KH0027',N'chưa trả')
INSERT INTO Hoadon  VALUES ('6/24/2016',N'KH0010',N'Đã trả')
INSERT INTO Hoadon  VALUES ('10/23/2017',N'KH0003',N'Đã trả')
INSERT INTO Hoadon  VALUES ('7/2/2017',N'KH0001',N'Đã trả')
INSERT INTO Hoadon  VALUES ('10/6/2017',N'KH0013',N'chưa trả')
INSERT INTO Hoadon  VALUES ('6/10/2017',N'KH0017',N'Đã trả')
INSERT INTO Hoadon  VALUES ('4/12/2016',N'KH0005',N'chưa trả')
INSERT INTO Hoadon  VALUES ('10/17/2016',N'KH0009',N'Đã trả')
INSERT INTO Hoadon  VALUES ('6/29/2016',N'KH0024',N'chưa trả')
INSERT INTO Hoadon  VALUES ('6/4/2017',N'KH0014',N'chưa trả')
INSERT INTO Hoadon  VALUES ('1/25/2016',N'KH0009',N'chưa trả')
INSERT INTO Hoadon  VALUES ('1/2/2016',N'KH0023',N'chưa trả')
INSERT INTO Hoadon  VALUES ('9/13/2016',N'KH0006',N'chưa trả')
INSERT INTO Hoadon  VALUES ('5/30/2017',N'KH0015',N'chưa trả')
INSERT INTO Hoadon  VALUES ('1/20/2016',N'KH0005',N'Đã trả')
INSERT INTO Hoadon  VALUES ('6/18/2017',N'KH0015',N'chưa trả')
INSERT INTO Hoadon  VALUES ('6/8/2017',N'KH0022',N'chưa trả')
INSERT INTO Hoadon  VALUES ('7/15/2017',N'KH0026',N'Đã trả')
INSERT INTO Hoadon  VALUES ('5/30/2017',N'KH0002',N'Đã trả')
INSERT INTO Hoadon  VALUES ('10/16/2017',N'KH0002',N'Đã trả')
INSERT INTO Hoadon  VALUES ('6/23/2016',N'KH0025',N'chưa trả')
INSERT INTO Hoadon  VALUES ('11/16/2016',N'KH0023',N'Đã trả')
INSERT INTO Hoadon  VALUES ('7/19/2017',N'KH0009',N'Đã trả')
INSERT INTO Hoadon  VALUES ('10/7/2017',N'KH0028',N'chưa trả')
INSERT INTO Hoadon  VALUES ('11/21/2017',N'KH0022',N'Đã trả')
INSERT INTO Hoadon  VALUES ('4/8/2016',N'KH0013',N'Đã trả')
INSERT INTO Hoadon  VALUES ('9/28/2016',N'KH0027',N'chưa trả')
INSERT INTO Hoadon  VALUES ('10/20/2017',N'KH0018',N'chưa trả')
INSERT INTO Hoadon  VALUES ('9/24/2016',N'KH0027',N'chưa trả')
INSERT INTO Hoadon  VALUES ('11/20/2016',N'KH0002',N'chưa trả')
INSERT INTO Hoadon  VALUES ('1/27/2017',N'KH0017',N'Đã trả')
INSERT INTO Hoadon  VALUES ('1/18/2018',N'KH0015',N'Đã trả')
INSERT INTO Hoadon  VALUES ('3/9/2017',N'KH0017',N'chưa trả')
INSERT INTO Hoadon  VALUES ('5/4/2016',N'KH0026',N'chưa trả')
INSERT INTO Hoadon  VALUES ('3/17/2017',N'KH0011',N'chưa trả')
INSERT INTO Hoadon  VALUES ('4/16/2017',N'KH0024',N'chưa trả')
INSERT INTO Hoadon  VALUES ('1/14/2018',N'KH0019',N'Đã trả')
INSERT INTO Hoadon  VALUES ('11/11/2017',N'KH0016',N'chưa trả')
INSERT INTO Hoadon  VALUES ('8/14/2016',N'KH0011',N'Đã trả')
INSERT INTO Hoadon  VALUES ('2/6/2016',N'KH0009',N'Đã trả')
INSERT INTO Hoadon  VALUES ('5/21/2017',N'KH0023',N'chưa trả')
INSERT INTO Hoadon  VALUES ('6/19/2017',N'KH0024',N'chưa trả')
INSERT INTO Hoadon  VALUES ('8/31/2017',N'KH0006',N'Đã trả')
INSERT INTO Hoadon  VALUES ('12/29/2015',N'KH0014',N'Đã trả')
INSERT INTO Hoadon  VALUES ('9/12/2016',N'KH0015',N'Đã trả')
INSERT INTO Hoadon  VALUES ('11/1/2017',N'KH0011',N'Đã trả')
INSERT INTO Hoadon  VALUES ('1/25/2018',N'KH0021',N'chưa trả')
INSERT INTO Hoadon  VALUES ('9/7/2016',N'KH0016',N'chưa trả')
INSERT INTO Hoadon  VALUES ('4/17/2016',N'KH0019',N'Đã trả')
INSERT INTO Hoadon  VALUES ('8/31/2017',N'KH0023',N'Đã trả')
INSERT INTO Hoadon  VALUES ('5/4/2017',N'KH0001',N'chưa trả')
INSERT INTO Hoadon  VALUES ('11/16/2016',N'KH0008',N'Đã trả')
INSERT INTO Hoadon  VALUES ('3/27/2016',N'KH0026',N'Đã trả')
INSERT INTO Hoadon  VALUES ('3/30/2017',N'KH0028',N'chưa trả')
INSERT INTO Hoadon  VALUES ('4/7/2017',N'KH0007',N'Đã trả')
INSERT INTO Hoadon  VALUES ('9/1/2017',N'KH0007',N'Đã trả')
INSERT INTO Hoadon  VALUES ('10/9/2016',N'KH0012',N'chưa trả')
INSERT INTO Hoadon  VALUES ('3/14/2017',N'KH0011',N'Đã trả')
INSERT INTO Hoadon  VALUES ('3/22/2017',N'KH0027',N'Đã trả')
INSERT INTO Hoadon  VALUES ('5/20/2016',N'KH0003',N'chưa trả')
INSERT INTO Hoadon  VALUES ('3/3/2017',N'KH0003',N'chưa trả')
INSERT INTO Hoadon  VALUES ('1/29/2018',N'KH0009',N'chưa trả')
INSERT INTO Hoadon  VALUES ('8/19/2016',N'KH0016',N'chưa trả')
INSERT INTO Hoadon  VALUES ('12/5/2016',N'KH0017',N'Đã trả')
INSERT INTO Hoadon  VALUES ('3/16/2016',N'KH0026',N'Đã trả')
INSERT INTO Hoadon  VALUES ('4/24/2016',N'KH0018',N'chưa trả')
INSERT INTO Hoadon  VALUES ('1/15/2017',N'KH0001',N'Đã trả')
INSERT INTO Hoadon  VALUES ('9/22/2016',N'KH0001',N'Đã trả')
INSERT INTO Hoadon  VALUES ('5/4/2016',N'KH0011',N'Đã trả')
INSERT INTO Hoadon  VALUES ('8/5/2016',N'KH0025',N'Đã trả')
INSERT INTO Hoadon  VALUES ('6/15/2017',N'KH0019',N'chưa trả')
INSERT INTO Hoadon  VALUES ('4/17/2017',N'KH0028',N'Đã trả')
INSERT INTO Hoadon  VALUES ('8/8/2017',N'KH0017',N'Đã trả')
INSERT INTO Hoadon  VALUES ('8/22/2017',N'KH0013',N'Đã trả')
INSERT INTO Hoadon  VALUES ('7/20/2016',N'KH0009',N'Đã trả')
INSERT INTO Hoadon  VALUES ('11/2/2016',N'KH0019',N'Đã trả')
INSERT INTO Hoadon  VALUES ('6/29/2017',N'KH0018',N'Đã trả')
INSERT INTO Hoadon  VALUES ('10/3/2016',N'KH0020',N'chưa trả')
INSERT INTO Hoadon  VALUES ('12/29/2016',N'KH0004',N'chưa trả')
INSERT INTO Hoadon  VALUES ('6/29/2017',N'KH0028',N'chưa trả')
INSERT INTO Hoadon  VALUES ('10/27/2017',N'KH0012',N'chưa trả')
INSERT INTO Hoadon  VALUES ('9/14/2016',N'KH0023',N'Đã trả')
INSERT INTO Hoadon  VALUES ('3/30/2016',N'KH0002',N'Đã trả')
INSERT INTO Hoadon  VALUES ('12/23/2016',N'KH0011',N'chưa trả')
INSERT INTO Hoadon  VALUES ('10/2/2017',N'KH0016',N'chưa trả')
INSERT INTO Hoadon  VALUES ('6/4/2017',N'KH0004',N'chưa trả')
INSERT INTO Hoadon  VALUES ('12/17/2017',N'KH0015',N'Đã trả')
INSERT INTO Hoadon  VALUES ('6/13/2017',N'KH0018',N'chưa trả')
INSERT INTO Hoadon  VALUES ('6/23/2016',N'KH0027',N'chưa trả')
INSERT INTO Hoadon  VALUES ('7/29/2017',N'KH0004',N'Đã trả')
INSERT INTO Hoadon  VALUES ('2/13/2016',N'KH0024',N'Đã trả')
INSERT INTO Hoadon  VALUES ('8/17/2017',N'KH0005',N'chưa trả')
INSERT INTO Hoadon  VALUES ('10/30/2016',N'KH0015',N'Đã trả')
INSERT INTO Hoadon  VALUES ('2/19/2017',N'KH0008',N'Đã trả')
INSERT INTO Hoadon  VALUES ('2/19/2017',N'KH0007',N'Đã trả')
INSERT INTO Hoadon  VALUES ('6/16/2016',N'KH0010',N'Đã trả')
INSERT INTO Hoadon  VALUES ('6/11/2016',N'KH0002',N'Đã trả')
INSERT INTO Hoadon  VALUES ('4/27/2017',N'KH0025',N'chưa trả')
INSERT INTO Hoadon  VALUES ('2/5/2016',N'KH0012',N'chưa trả')
INSERT INTO Hoadon  VALUES ('5/11/2016',N'KH0024',N'chưa trả')
INSERT INTO Hoadon  VALUES ('11/4/2016',N'KH0027',N'chưa trả')
INSERT INTO Hoadon  VALUES ('3/11/2017',N'KH0024',N'chưa trả')
INSERT INTO Hoadon  VALUES ('1/25/2018',N'KH0024',N'Đã trả')
INSERT INTO Hoadon  VALUES ('10/11/2017',N'KH0003',N'chưa trả')
INSERT INTO Hoadon  VALUES ('5/10/2017',N'KH0004',N'Đã trả')
INSERT INTO Hoadon  VALUES ('12/26/2017',N'KH0001',N'Đã trả')
INSERT INTO Hoadon  VALUES ('10/6/2016',N'KH0024',N'Đã trả')
INSERT INTO Hoadon  VALUES ('6/24/2016',N'KH0010',N'Đã trả')
INSERT INTO Hoadon  VALUES ('5/27/2017',N'KH0027',N'chưa trả')
INSERT INTO Hoadon  VALUES ('11/19/2016',N'KH0012',N'chưa trả')
INSERT INTO Hoadon  VALUES ('3/27/2016',N'KH0024',N'chưa trả')
INSERT INTO Hoadon  VALUES ('2/20/2016',N'KH0010',N'chưa trả')
INSERT INTO Hoadon  VALUES ('12/23/2016',N'KH0005',N'chưa trả')
INSERT INTO Hoadon  VALUES ('11/12/2017',N'KH0021',N'chưa trả')
INSERT INTO Hoadon  VALUES ('3/3/2016',N'KH0020',N'Đã trả')
INSERT INTO Hoadon  VALUES ('6/3/2017',N'KH0012',N'Đã trả')
INSERT INTO Hoadon  VALUES ('9/14/2017',N'KH0025',N'Đã trả')
INSERT INTO Hoadon  VALUES ('7/15/2017',N'KH0015',N'chưa trả')
INSERT INTO Hoadon  VALUES ('2/17/2017',N'KH0008',N'chưa trả')
INSERT INTO Hoadon  VALUES ('3/31/2017',N'KH0005',N'chưa trả')
INSERT INTO Hoadon  VALUES ('5/30/2017',N'KH0003',N'Đã trả')
INSERT INTO Hoadon  VALUES ('8/13/2016',N'KH0018',N'Đã trả')
INSERT INTO Hoadon  VALUES ('9/23/2016',N'KH0012',N'Đã trả')
INSERT INTO Hoadon  VALUES ('3/11/2017',N'KH0011',N'Đã trả')
INSERT INTO Hoadon  VALUES ('12/17/2016',N'KH0023',N'chưa trả')
INSERT INTO Hoadon  VALUES ('4/16/2016',N'KH0009',N'Đã trả')
INSERT INTO Hoadon  VALUES ('1/24/2018',N'KH0023',N'Đã trả')
INSERT INTO Hoadon  VALUES ('1/29/2018',N'KH0007',N'Đã trả')
INSERT INTO Hoadon  VALUES ('4/12/2017',N'KH0006',N'Đã trả')
INSERT INTO Hoadon  VALUES ('12/8/2016',N'KH0014',N'chưa trả')
INSERT INTO Hoadon  VALUES ('4/29/2016',N'KH0019',N'chưa trả')
INSERT INTO Hoadon  VALUES ('3/29/2016',N'KH0020',N'Đã trả')
INSERT INTO Hoadon  VALUES ('11/22/2016',N'KH0014',N'Đã trả')
INSERT INTO Hoadon  VALUES ('3/28/2017',N'KH0016',N'chưa trả')
INSERT INTO Hoadon  VALUES ('7/1/2017',N'KH0010',N'chưa trả')
INSERT INTO Hoadon  VALUES ('11/17/2016',N'KH0010',N'Đã trả')
INSERT INTO Hoadon  VALUES ('5/26/2016',N'KH0009',N'Đã trả')
INSERT INTO Hoadon  VALUES ('8/19/2017',N'KH0010',N'chưa trả')
INSERT INTO Hoadon  VALUES ('10/23/2016',N'KH0019',N'Đã trả')
INSERT INTO Hoadon  VALUES ('4/6/2017',N'KH0018',N'Đã trả')
INSERT INTO Hoadon  VALUES ('4/22/2017',N'KH0024',N'chưa trả')
INSERT INTO Hoadon  VALUES ('6/21/2017',N'KH0017',N'Đã trả')
INSERT INTO Hoadon  VALUES ('11/21/2016',N'KH0002',N'chưa trả')
INSERT INTO Hoadon  VALUES ('10/3/2016',N'KH0012',N'chưa trả')
INSERT INTO Hoadon  VALUES ('2/22/2016',N'KH0008',N'Đã trả')
INSERT INTO Hoadon  VALUES ('11/11/2016',N'KH0006',N'chưa trả')
INSERT INTO Hoadon  VALUES ('2/14/2016',N'KH0021',N'chưa trả')
INSERT INTO Hoadon  VALUES ('2/7/2017',N'KH0004',N'Đã trả')
INSERT INTO Hoadon  VALUES ('5/6/2017',N'KH0017',N'chưa trả')
INSERT INTO Hoadon  VALUES ('4/8/2016',N'KH0022',N'Đã trả')
INSERT INTO Hoadon  VALUES ('1/20/2017',N'KH0010',N'Đã trả')
INSERT INTO Hoadon  VALUES ('5/21/2016',N'KH0020',N'chưa trả')
INSERT INTO Hoadon  VALUES ('12/31/2015',N'KH0001',N'chưa trả')
INSERT INTO Hoadon  VALUES ('10/4/2016',N'KH0026',N'chưa trả')
INSERT INTO Hoadon  VALUES ('5/15/2017',N'KH0026',N'chưa trả')
INSERT INTO Hoadon  VALUES ('10/8/2017',N'KH0002',N'Đã trả')
INSERT INTO Hoadon  VALUES ('4/23/2016',N'KH0002',N'chưa trả')
INSERT INTO Hoadon  VALUES ('12/25/2017',N'KH0021',N'chưa trả')
INSERT INTO Hoadon  VALUES ('9/29/2016',N'KH0027',N'chưa trả')
INSERT INTO Hoadon  VALUES ('8/21/2017',N'KH0012',N'Đã trả')
INSERT INTO Hoadon  VALUES ('2/16/2017',N'KH0017',N'Đã trả')
INSERT INTO Hoadon  VALUES ('1/12/2017',N'KH0018',N'Đã trả')
INSERT INTO Hoadon  VALUES ('4/13/2016',N'KH0001',N'Đã trả')
INSERT INTO Hoadon  VALUES ('4/18/2016',N'KH0011',N'Đã trả')
INSERT INTO Hoadon  VALUES ('6/13/2016',N'KH0003',N'Đã trả')
INSERT INTO Hoadon  VALUES ('11/11/2017',N'KH0010',N'Đã trả')
INSERT INTO Hoadon  VALUES ('8/9/2016',N'KH0025',N'chưa trả')
INSERT INTO Hoadon  VALUES ('1/30/2018',N'KH0028',N'chưa trả')
INSERT INTO Hoadon  VALUES ('3/24/2016',N'KH0013',N'chưa trả')
INSERT INTO Hoadon  VALUES ('11/3/2016',N'KH0020',N'Đã trả')
INSERT INTO Hoadon  VALUES ('6/18/2016',N'KH0005',N'Đã trả')
INSERT INTO Hoadon  VALUES ('8/6/2016',N'KH0015',N'Đã trả')
INSERT INTO Hoadon  VALUES ('6/26/2016',N'KH0020',N'chưa trả')
INSERT INTO Hoadon  VALUES ('11/29/2017',N'KH0004',N'Đã trả')
INSERT INTO Hoadon  VALUES ('2/2/2017',N'KH0013',N'Đã trả')
INSERT INTO Hoadon  VALUES ('10/26/2016',N'KH0023',N'chưa trả')
INSERT INTO Hoadon  VALUES ('3/9/2016',N'KH0011',N'Đã trả')
INSERT INTO Hoadon  VALUES ('12/5/2016',N'KH0009',N'Đã trả')
INSERT INTO Hoadon  VALUES ('7/6/2017',N'KH0007',N'chưa trả')
INSERT INTO Hoadon  VALUES ('1/30/2018',N'KH0016',N'chưa trả')
INSERT INTO Hoadon  VALUES ('1/23/2017',N'KH0017',N'chưa trả')
INSERT INTO Hoadon  VALUES ('10/20/2016',N'KH0016',N'Đã trả')
INSERT INTO Hoadon  VALUES ('12/21/2017',N'KH0010',N'chưa trả')
INSERT INTO Hoadon  VALUES ('6/21/2017',N'KH0026',N'Đã trả')
INSERT INTO Hoadon  VALUES ('9/22/2016',N'KH0022',N'Đã trả')
INSERT INTO Hoadon  VALUES ('3/11/2016',N'KH0028',N'Đã trả')
INSERT INTO Hoadon  VALUES ('2/11/2016',N'KH0024',N'Đã trả')
INSERT INTO Hoadon  VALUES ('7/21/2017',N'KH0005',N'Đã trả')
INSERT INTO Hoadon  VALUES ('12/16/2016',N'KH0019',N'chưa trả')
INSERT INTO Hoadon  VALUES ('11/27/2017',N'KH0016',N'Đã trả')
INSERT INTO Hoadon  VALUES ('4/8/2016',N'KH0020',N'chưa trả')
INSERT INTO Hoadon  VALUES ('1/16/2017',N'KH0025',N'chưa trả')
INSERT INTO Hoadon  VALUES ('8/29/2017',N'KH0014',N'Đã trả')
INSERT INTO Hoadon  VALUES ('10/23/2017',N'KH0002',N'chưa trả')
INSERT INTO Hoadon  VALUES ('11/5/2016',N'KH0022',N'chưa trả')
INSERT INTO Hoadon  VALUES ('8/12/2016',N'KH0007',N'chưa trả')
INSERT INTO Hoadon  VALUES ('10/25/2017',N'KH0005',N'chưa trả')
INSERT INTO Hoadon  VALUES ('1/25/2017',N'KH0026',N'chưa trả')
INSERT INTO Hoadon  VALUES ('8/25/2017',N'KH0020',N'chưa trả')
INSERT INTO Hoadon  VALUES ('3/18/2016',N'KH0002',N'chưa trả')
INSERT INTO Hoadon  VALUES ('8/3/2016',N'KH0007',N'chưa trả')
INSERT INTO Hoadon  VALUES ('1/7/2016',N'KH0020',N'chưa trả')
INSERT INTO Hoadon  VALUES ('3/31/2017',N'KH0006',N'chưa trả')
INSERT INTO Hoadon  VALUES ('2/5/2017',N'KH0017',N'Đã trả')
INSERT INTO Hoadon  VALUES ('10/25/2016',N'KH0022',N'chưa trả')
INSERT INTO Hoadon  VALUES ('2/25/2016',N'KH0024',N'chưa trả')
INSERT INTO Hoadon  VALUES ('1/25/2018',N'KH0018',N'chưa trả')
INSERT INTO Hoadon  VALUES ('8/2/2016',N'KH0010',N'chưa trả')
INSERT INTO Hoadon  VALUES ('11/2/2016',N'KH0028',N'Đã trả')
INSERT INTO Hoadon  VALUES ('6/6/2017',N'KH0013',N'Đã trả')
INSERT INTO Hoadon  VALUES ('9/13/2016',N'KH0010',N'Đã trả')
INSERT INTO Hoadon  VALUES ('9/5/2017',N'KH0017',N'Đã trả')
INSERT INTO Hoadon  VALUES ('12/19/2016',N'KH0025',N'chưa trả')
INSERT INTO Hoadon  VALUES ('9/4/2016',N'KH0015',N'chưa trả')
INSERT INTO Hoadon  VALUES ('11/14/2017',N'KH0027',N'chưa trả')
INSERT INTO Hoadon  VALUES ('10/20/2017',N'KH0005',N'Đã trả')
INSERT INTO Hoadon  VALUES ('3/23/2016',N'KH0025',N'Đã trả')
INSERT INTO Hoadon  VALUES ('10/21/2016',N'KH0028',N'chưa trả')
INSERT INTO Hoadon  VALUES ('4/5/2017',N'KH0008',N'Đã trả')
INSERT INTO Hoadon  VALUES ('4/3/2016',N'KH0020',N'chưa trả')
INSERT INTO Hoadon  VALUES ('7/21/2016',N'KH0007',N'Đã trả')
INSERT INTO Hoadon  VALUES ('6/15/2017',N'KH0009',N'Đã trả')
INSERT INTO Hoadon  VALUES ('4/21/2016',N'KH0006',N'Đã trả')
INSERT INTO Hoadon  VALUES ('10/8/2016',N'KH0016',N'Đã trả')
INSERT INTO Hoadon  VALUES ('11/11/2016',N'KH0001',N'Đã trả')
INSERT INTO Hoadon  VALUES ('4/4/2016',N'KH0006',N'chưa trả')
INSERT INTO Hoadon  VALUES ('1/25/2018',N'KH0011',N'Đã trả')
INSERT INTO Hoadon  VALUES ('1/6/2018',N'KH0017',N'chưa trả')
INSERT INTO Hoadon  VALUES ('1/1/2016',N'KH0026',N'chưa trả')
INSERT INTO Hoadon  VALUES ('10/13/2017',N'KH0027',N'chưa trả')
INSERT INTO Hoadon  VALUES ('2/18/2017',N'KH0019',N'chưa trả')
INSERT INTO Hoadon  VALUES ('3/13/2017',N'KH0012',N'Đã trả')
INSERT INTO Hoadon  VALUES ('8/26/2016',N'KH0023',N'chưa trả')
INSERT INTO Hoadon  VALUES ('10/14/2016',N'KH0018',N'Đã trả')
INSERT INTO Hoadon  VALUES ('1/3/2017',N'KH0012',N'chưa trả')
INSERT INTO Hoadon  VALUES ('12/21/2017',N'KH0024',N'chưa trả')
INSERT INTO Hoadon  VALUES ('11/18/2016',N'KH0024',N'Đã trả')
INSERT INTO Hoadon  VALUES ('4/14/2016',N'KH0004',N'Đã trả')
INSERT INTO Hoadon  VALUES ('10/3/2016',N'KH0010',N'chưa trả')
INSERT INTO Hoadon  VALUES ('5/31/2017',N'KH0002',N'Đã trả')
INSERT INTO Hoadon  VALUES ('12/26/2017',N'KH0015',N'Đã trả')
INSERT INTO Hoadon  VALUES ('4/7/2016',N'KH0013',N'Đã trả')
INSERT INTO Hoadon  VALUES ('10/24/2017',N'KH0001',N'chưa trả')
INSERT INTO Hoadon  VALUES ('9/26/2016',N'KH0008',N'Đã trả')
INSERT INTO Hoadon  VALUES ('4/13/2017',N'KH0025',N'chưa trả')
INSERT INTO Hoadon  VALUES ('8/12/2016',N'KH0019',N'chưa trả')
INSERT INTO Hoadon  VALUES ('7/28/2016',N'KH0012',N'chưa trả')
INSERT INTO Hoadon  VALUES ('8/22/2017',N'KH0016',N'chưa trả')
INSERT INTO Hoadon  VALUES ('11/29/2016',N'KH0015',N'Đã trả')
INSERT INTO Hoadon  VALUES ('4/29/2016',N'KH0009',N'Đã trả')
INSERT INTO Hoadon  VALUES ('3/25/2017',N'KH0006',N'chưa trả')
INSERT INTO Hoadon  VALUES ('9/16/2017',N'KH0006',N'Đã trả')
INSERT INTO Hoadon  VALUES ('1/14/2016',N'KH0021',N'Đã trả')
INSERT INTO Hoadon  VALUES ('9/9/2016',N'KH0010',N'Đã trả')
INSERT INTO Hoadon  VALUES ('8/23/2017',N'KH0025',N'Đã trả')
INSERT INTO Hoadon  VALUES ('1/14/2018',N'KH0006',N'Đã trả')
INSERT INTO Hoadon  VALUES ('5/26/2017',N'KH0011',N'Đã trả')
INSERT INTO Hoadon  VALUES ('11/2/2016',N'KH0024',N'Đã trả')
INSERT INTO Hoadon  VALUES ('3/20/2016',N'KH0019',N'Đã trả')
INSERT INTO Hoadon  VALUES ('2/1/2016',N'KH0009',N'chưa trả')
INSERT INTO Hoadon  VALUES ('12/25/2017',N'KH0020',N'chưa trả')
INSERT INTO Hoadon  VALUES ('8/13/2017',N'KH0011',N'Đã trả')
INSERT INTO Hoadon  VALUES ('5/28/2016',N'KH0011',N'Đã trả')
INSERT INTO Hoadon  VALUES ('4/9/2017',N'KH0011',N'Đã trả')
INSERT INTO Hoadon  VALUES ('2/27/2017',N'KH0010',N'chưa trả')
INSERT INTO Hoadon  VALUES ('6/14/2016',N'KH0027',N'Đã trả')
INSERT INTO Hoadon  VALUES ('10/5/2016',N'KH0012',N'chưa trả')
INSERT INTO Hoadon  VALUES ('1/19/2017',N'KH0013',N'Đã trả')
INSERT INTO Hoadon  VALUES ('12/16/2017',N'KH0026',N'chưa trả')
INSERT INTO Hoadon  VALUES ('1/30/2018',N'KH0024',N'Đã trả')
INSERT INTO Hoadon  VALUES ('8/10/2017',N'KH0028',N'Đã trả')
INSERT INTO Hoadon  VALUES ('7/28/2016',N'KH0009',N'chưa trả')
INSERT INTO Hoadon  VALUES ('11/12/2017',N'KH0014',N'Đã trả')
INSERT INTO Hoadon  VALUES ('7/21/2016',N'KH0004',N'chưa trả')
INSERT INTO Hoadon  VALUES ('1/16/2016',N'KH0023',N'Đã trả')
INSERT INTO Hoadon  VALUES ('8/13/2017',N'KH0022',N'Đã trả')
INSERT INTO Hoadon  VALUES ('6/8/2017',N'KH0008',N'Đã trả')
INSERT INTO Hoadon  VALUES ('10/2/2016',N'KH0008',N'chưa trả')
INSERT INTO Hoadon  VALUES ('6/27/2017',N'KH0028',N'chưa trả')
INSERT INTO Hoadon  VALUES ('10/18/2017',N'KH0022',N'chưa trả')
INSERT INTO Hoadon  VALUES ('10/31/2016',N'KH0021',N'Đã trả')
INSERT INTO Hoadon  VALUES ('4/12/2017',N'KH0026',N'chưa trả')
INSERT INTO Hoadon  VALUES ('7/17/2017',N'KH0004',N'Đã trả')
INSERT INTO Hoadon  VALUES ('8/18/2016',N'KH0016',N'Đã trả')
INSERT INTO Hoadon  VALUES ('8/1/2016',N'KH0028',N'chưa trả')
INSERT INTO Hoadon  VALUES ('4/7/2016',N'KH0022',N'chưa trả')
INSERT INTO Hoadon  VALUES ('1/10/2018',N'KH0020',N'Đã trả')
INSERT INTO Hoadon  VALUES ('12/30/2015',N'KH0004',N'chưa trả')
INSERT INTO Hoadon  VALUES ('4/25/2016',N'KH0012',N'Đã trả')
INSERT INTO Hoadon  VALUES ('9/13/2016',N'KH0001',N'chưa trả')
INSERT INTO Hoadon  VALUES ('1/7/2017',N'KH0011',N'chưa trả')
INSERT INTO Hoadon  VALUES ('11/22/2017',N'KH0026',N'chưa trả')
INSERT INTO Hoadon  VALUES ('7/13/2017',N'KH0010',N'Đã trả')
INSERT INTO Hoadon  VALUES ('5/13/2017',N'KH0021',N'chưa trả')
INSERT INTO Hoadon  VALUES ('12/20/2016',N'KH0003',N'Đã trả')
INSERT INTO Hoadon  VALUES ('8/21/2016',N'KH0005',N'Đã trả')
INSERT INTO Hoadon  VALUES ('9/8/2016',N'KH0019',N'chưa trả')
INSERT INTO Hoadon  VALUES ('11/6/2017',N'KH0003',N'chưa trả')
INSERT INTO Hoadon  VALUES ('4/21/2017',N'KH0027',N'Đã trả')
INSERT INTO Hoadon  VALUES ('6/23/2016',N'KH0022',N'chưa trả')
INSERT INTO Hoadon  VALUES ('3/9/2016',N'KH0007',N'Đã trả')
INSERT INTO Hoadon  VALUES ('2/22/2017',N'KH0026',N'chưa trả')
INSERT INTO Hoadon  VALUES ('10/17/2016',N'KH0017',N'Đã trả')
INSERT INTO Hoadon  VALUES ('4/1/2016',N'KH0008',N'chưa trả')
INSERT INTO Hoadon  VALUES ('6/11/2016',N'KH0011',N'Đã trả')
INSERT INTO Hoadon  VALUES ('6/26/2017',N'KH0014',N'chưa trả')
INSERT INTO Hoadon  VALUES ('7/25/2016',N'KH0014',N'chưa trả')
INSERT INTO Hoadon  VALUES ('5/10/2017',N'KH0006',N'Đã trả')
INSERT INTO Hoadon  VALUES ('4/19/2016',N'KH0024',N'Đã trả')
INSERT INTO Hoadon  VALUES ('10/16/2016',N'KH0026',N'Đã trả')
INSERT INTO Hoadon  VALUES ('2/19/2016',N'KH0027',N'chưa trả')
INSERT INTO Hoadon  VALUES ('10/8/2016',N'KH0027',N'Đã trả')
INSERT INTO Hoadon  VALUES ('1/9/2016',N'KH0003',N'Đã trả')
INSERT INTO Hoadon  VALUES ('1/15/2016',N'KH0014',N'Đã trả')
INSERT INTO Hoadon  VALUES ('3/13/2017',N'KH0011',N'chưa trả')
INSERT INTO Hoadon  VALUES ('1/8/2016',N'KH0015',N'chưa trả')
INSERT INTO Hoadon  VALUES ('4/20/2017',N'KH0027',N'chưa trả')
INSERT INTO Hoadon  VALUES ('2/25/2016',N'KH0001',N'Đã trả')
INSERT INTO Hoadon  VALUES ('4/28/2016',N'KH0020',N'Đã trả')
INSERT INTO Hoadon  VALUES ('12/10/2017',N'KH0004',N'Đã trả')
INSERT INTO Hoadon  VALUES ('11/14/2017',N'KH0009',N'Đã trả')
INSERT INTO Hoadon  VALUES ('8/18/2017',N'KH0001',N'Đã trả')
INSERT INTO Hoadon  VALUES ('7/10/2016',N'KH0028',N'Đã trả')
INSERT INTO Hoadon  VALUES ('2/23/2016',N'KH0013',N'Đã trả')
INSERT INTO Hoadon  VALUES ('10/21/2016',N'KH0006',N'chưa trả')
INSERT INTO Hoadon  VALUES ('2/15/2017',N'KH0027',N'chưa trả')
INSERT INTO Hoadon  VALUES ('1/5/2017',N'KH0013',N'Đã trả')
INSERT INTO Hoadon  VALUES ('11/23/2017',N'KH0024',N'Đã trả')
INSERT INTO Hoadon  VALUES ('8/9/2016',N'KH0019',N'Đã trả')
INSERT INTO Hoadon  VALUES ('1/4/2018',N'KH0010',N'chưa trả')
INSERT INTO Hoadon  VALUES ('1/10/2017',N'KH0013',N'chưa trả')
INSERT INTO Hoadon  VALUES ('12/27/2016',N'KH0010',N'chưa trả')
INSERT INTO Hoadon  VALUES ('1/14/2017',N'KH0004',N'Đã trả')
INSERT INTO Hoadon  VALUES ('6/27/2016',N'KH0003',N'chưa trả')
INSERT INTO Hoadon  VALUES ('9/1/2016',N'KH0024',N'Đã trả')
INSERT INTO Hoadon  VALUES ('12/15/2017',N'KH0007',N'Đã trả')
INSERT INTO Hoadon  VALUES ('1/12/2016',N'KH0006',N'chưa trả')
INSERT INTO Hoadon  VALUES ('4/17/2017',N'KH0027',N'chưa trả')
INSERT INTO Hoadon  VALUES ('6/2/2017',N'KH0022',N'Đã trả')
INSERT INTO Hoadon  VALUES ('11/22/2017',N'KH0015',N'chưa trả')
INSERT INTO Hoadon  VALUES ('11/4/2016',N'KH0020',N'Đã trả')
INSERT INTO Hoadon  VALUES ('3/24/2017',N'KH0019',N'chưa trả')
INSERT INTO Hoadon  VALUES ('3/20/2017',N'KH0011',N'Đã trả')
INSERT INTO Hoadon  VALUES ('5/19/2017',N'KH0020',N'chưa trả')




---------------------

 Delete from Hoadonchitiet
INSERT INTO Hoadonchitiet  VALUES (49,81,436)
INSERT INTO Hoadonchitiet  VALUES (39,71,87)
INSERT INTO Hoadonchitiet  VALUES (70,97,141)
INSERT INTO Hoadonchitiet  VALUES (73,40,414)
INSERT INTO Hoadonchitiet  VALUES (70,32,330)
INSERT INTO Hoadonchitiet  VALUES (35,20,102)
INSERT INTO Hoadonchitiet  VALUES (29,9,298)
INSERT INTO Hoadonchitiet  VALUES (31,39,80)
INSERT INTO Hoadonchitiet  VALUES (62,5,237)
INSERT INTO Hoadonchitiet  VALUES (29,43,218)
INSERT INTO Hoadonchitiet  VALUES (12,21,249)
INSERT INTO Hoadonchitiet  VALUES (43,23,278)
INSERT INTO Hoadonchitiet  VALUES (50,97,1)
INSERT INTO Hoadonchitiet  VALUES (30,45,420)
INSERT INTO Hoadonchitiet  VALUES (45,73,252)
INSERT INTO Hoadonchitiet  VALUES (100,89,227)
INSERT INTO Hoadonchitiet  VALUES (70,5,433)
INSERT INTO Hoadonchitiet  VALUES (99,61,301)
INSERT INTO Hoadonchitiet  VALUES (27,93,388)
INSERT INTO Hoadonchitiet  VALUES (38,62,294)
INSERT INTO Hoadonchitiet  VALUES (39,11,375)
INSERT INTO Hoadonchitiet  VALUES (44,45,376)
INSERT INTO Hoadonchitiet  VALUES (16,33,442)
INSERT INTO Hoadonchitiet  VALUES (48,98,4)
INSERT INTO Hoadonchitiet  VALUES (15,17,185)
INSERT INTO Hoadonchitiet  VALUES (54,58,251)
INSERT INTO Hoadonchitiet  VALUES (10,59,195)
INSERT INTO Hoadonchitiet  VALUES (82,33,269)
INSERT INTO Hoadonchitiet  VALUES (2,70,369)
INSERT INTO Hoadonchitiet  VALUES (1,33,423)
INSERT INTO Hoadonchitiet  VALUES (38,7,455)
INSERT INTO Hoadonchitiet  VALUES (77,38,468)
INSERT INTO Hoadonchitiet  VALUES (16,22,318)
INSERT INTO Hoadonchitiet  VALUES (26,79,26)
INSERT INTO Hoadonchitiet  VALUES (89,73,36)
INSERT INTO Hoadonchitiet  VALUES (31,19,409)
INSERT INTO Hoadonchitiet  VALUES (85,34,170)
INSERT INTO Hoadonchitiet  VALUES (76,88,189)
INSERT INTO Hoadonchitiet  VALUES (91,16,152)
INSERT INTO Hoadonchitiet  VALUES (89,49,234)
INSERT INTO Hoadonchitiet  VALUES (20,100,350)
INSERT INTO Hoadonchitiet  VALUES (73,82,375)
INSERT INTO Hoadonchitiet  VALUES (53,69,395)
INSERT INTO Hoadonchitiet  VALUES (23,3,368)
INSERT INTO Hoadonchitiet  VALUES (94,20,262)
INSERT INTO Hoadonchitiet  VALUES (12,56,296)
INSERT INTO Hoadonchitiet  VALUES (2,78,394)
INSERT INTO Hoadonchitiet  VALUES (55,43,428)
INSERT INTO Hoadonchitiet  VALUES (9,44,449)
INSERT INTO Hoadonchitiet  VALUES (39,45,325)
INSERT INTO Hoadonchitiet  VALUES (53,3,232)
INSERT INTO Hoadonchitiet  VALUES (5,56,429)
INSERT INTO Hoadonchitiet  VALUES (49,23,267)
INSERT INTO Hoadonchitiet  VALUES (51,80,133)
INSERT INTO Hoadonchitiet  VALUES (15,91,308)
INSERT INTO Hoadonchitiet  VALUES (39,18,271)
INSERT INTO Hoadonchitiet  VALUES (100,7,407)
INSERT INTO Hoadonchitiet  VALUES (82,2,108)
INSERT INTO Hoadonchitiet  VALUES (2,98,40)
INSERT INTO Hoadonchitiet  VALUES (47,1,327)
INSERT INTO Hoadonchitiet  VALUES (79,8,30)
INSERT INTO Hoadonchitiet  VALUES (70,58,380)
INSERT INTO Hoadonchitiet  VALUES (75,71,217)
INSERT INTO Hoadonchitiet  VALUES (99,81,466)
INSERT INTO Hoadonchitiet  VALUES (69,82,223)
INSERT INTO Hoadonchitiet  VALUES (18,22,45)
INSERT INTO Hoadonchitiet  VALUES (46,90,466)
INSERT INTO Hoadonchitiet  VALUES (9,36,475)
INSERT INTO Hoadonchitiet  VALUES (7,13,150)
INSERT INTO Hoadonchitiet  VALUES (55,12,286)
INSERT INTO Hoadonchitiet  VALUES (93,21,120)
INSERT INTO Hoadonchitiet  VALUES (70,12,96)
INSERT INTO Hoadonchitiet  VALUES (48,20,136)
INSERT INTO Hoadonchitiet  VALUES (26,51,388)
INSERT INTO Hoadonchitiet  VALUES (35,13,107)
INSERT INTO Hoadonchitiet  VALUES (62,100,444)
INSERT INTO Hoadonchitiet  VALUES (23,48,172)
INSERT INTO Hoadonchitiet  VALUES (38,36,329)
INSERT INTO Hoadonchitiet  VALUES (46,52,383)
INSERT INTO Hoadonchitiet  VALUES (4,5,405)
INSERT INTO Hoadonchitiet  VALUES (33,5,68)
INSERT INTO Hoadonchitiet  VALUES (55,21,221)
INSERT INTO Hoadonchitiet  VALUES (35,92,26)
INSERT INTO Hoadonchitiet  VALUES (49,82,457)
INSERT INTO Hoadonchitiet  VALUES (63,1,9)
INSERT INTO Hoadonchitiet  VALUES (30,8,440)
INSERT INTO Hoadonchitiet  VALUES (7,13,283)
INSERT INTO Hoadonchitiet  VALUES (20,89,174)
INSERT INTO Hoadonchitiet  VALUES (72,41,137)
INSERT INTO Hoadonchitiet  VALUES (49,69,38)
INSERT INTO Hoadonchitiet  VALUES (32,85,389)
INSERT INTO Hoadonchitiet  VALUES (14,20,25)
INSERT INTO Hoadonchitiet  VALUES (27,43,137)
INSERT INTO Hoadonchitiet  VALUES (54,78,319)
INSERT INTO Hoadonchitiet  VALUES (72,92,86)
INSERT INTO Hoadonchitiet  VALUES (96,33,197)
INSERT INTO Hoadonchitiet  VALUES (17,41,463)
INSERT INTO Hoadonchitiet  VALUES (23,32,145)
INSERT INTO Hoadonchitiet  VALUES (3,75,367)
INSERT INTO Hoadonchitiet  VALUES (51,35,176)
INSERT INTO Hoadonchitiet  VALUES (72,97,106)
INSERT INTO Hoadonchitiet  VALUES (45,36,351)
INSERT INTO Hoadonchitiet  VALUES (70,66,409)
INSERT INTO Hoadonchitiet  VALUES (96,81,187)
INSERT INTO Hoadonchitiet  VALUES (50,74,262)
INSERT INTO Hoadonchitiet  VALUES (29,32,337)
INSERT INTO Hoadonchitiet  VALUES (58,2,80)
INSERT INTO Hoadonchitiet  VALUES (80,45,427)
INSERT INTO Hoadonchitiet  VALUES (27,46,249)
INSERT INTO Hoadonchitiet  VALUES (62,24,192)
INSERT INTO Hoadonchitiet  VALUES (56,38,268)
INSERT INTO Hoadonchitiet  VALUES (46,25,276)
INSERT INTO Hoadonchitiet  VALUES (51,12,445)
INSERT INTO Hoadonchitiet  VALUES (39,32,155)
INSERT INTO Hoadonchitiet  VALUES (81,23,42)
INSERT INTO Hoadonchitiet  VALUES (32,42,357)
INSERT INTO Hoadonchitiet  VALUES (77,5,173)
INSERT INTO Hoadonchitiet  VALUES (51,77,45)
INSERT INTO Hoadonchitiet  VALUES (56,10,37)
INSERT INTO Hoadonchitiet  VALUES (52,87,23)
INSERT INTO Hoadonchitiet  VALUES (10,74,91)
INSERT INTO Hoadonchitiet  VALUES (55,49,425)
INSERT INTO Hoadonchitiet  VALUES (98,40,193)
INSERT INTO Hoadonchitiet  VALUES (18,33,14)
INSERT INTO Hoadonchitiet  VALUES (93,62,454)
INSERT INTO Hoadonchitiet  VALUES (47,39,388)
INSERT INTO Hoadonchitiet  VALUES (67,27,148)
INSERT INTO Hoadonchitiet  VALUES (85,50,326)
INSERT INTO Hoadonchitiet  VALUES (27,48,424)
INSERT INTO Hoadonchitiet  VALUES (91,19,161)
INSERT INTO Hoadonchitiet  VALUES (47,65,73)
INSERT INTO Hoadonchitiet  VALUES (82,75,300)
INSERT INTO Hoadonchitiet  VALUES (48,79,254)
INSERT INTO Hoadonchitiet  VALUES (8,19,311)
INSERT INTO Hoadonchitiet  VALUES (72,33,37)
INSERT INTO Hoadonchitiet  VALUES (12,72,123)
INSERT INTO Hoadonchitiet  VALUES (7,73,422)
INSERT INTO Hoadonchitiet  VALUES (39,47,222)
INSERT INTO Hoadonchitiet  VALUES (10,45,349)
INSERT INTO Hoadonchitiet  VALUES (37,89,92)
INSERT INTO Hoadonchitiet  VALUES (27,100,315)
INSERT INTO Hoadonchitiet  VALUES (36,11,103)
INSERT INTO Hoadonchitiet  VALUES (67,24,183)
INSERT INTO Hoadonchitiet  VALUES (9,46,419)
INSERT INTO Hoadonchitiet  VALUES (69,39,148)
INSERT INTO Hoadonchitiet  VALUES (70,84,272)
INSERT INTO Hoadonchitiet  VALUES (61,8,350)
INSERT INTO Hoadonchitiet  VALUES (81,1,147)
INSERT INTO Hoadonchitiet  VALUES (91,51,106)
INSERT INTO Hoadonchitiet  VALUES (8,91,223)
INSERT INTO Hoadonchitiet  VALUES (26,55,102)
INSERT INTO Hoadonchitiet  VALUES (98,3,126)
INSERT INTO Hoadonchitiet  VALUES (40,48,22)
INSERT INTO Hoadonchitiet  VALUES (95,83,366)
INSERT INTO Hoadonchitiet  VALUES (73,48,232)
INSERT INTO Hoadonchitiet  VALUES (13,23,333)
INSERT INTO Hoadonchitiet  VALUES (20,49,440)
INSERT INTO Hoadonchitiet  VALUES (91,71,185)
INSERT INTO Hoadonchitiet  VALUES (92,85,235)
INSERT INTO Hoadonchitiet  VALUES (78,35,123)
INSERT INTO Hoadonchitiet  VALUES (42,48,181)
INSERT INTO Hoadonchitiet  VALUES (71,41,32)
INSERT INTO Hoadonchitiet  VALUES (96,31,178)
INSERT INTO Hoadonchitiet  VALUES (73,15,62)
INSERT INTO Hoadonchitiet  VALUES (49,13,133)
INSERT INTO Hoadonchitiet  VALUES (26,79,157)
INSERT INTO Hoadonchitiet  VALUES (81,15,348)
INSERT INTO Hoadonchitiet  VALUES (84,56,176)
INSERT INTO Hoadonchitiet  VALUES (41,43,32)
INSERT INTO Hoadonchitiet  VALUES (93,89,117)
INSERT INTO Hoadonchitiet  VALUES (43,85,378)
INSERT INTO Hoadonchitiet  VALUES (87,94,357)
INSERT INTO Hoadonchitiet  VALUES (2,55,128)
INSERT INTO Hoadonchitiet  VALUES (12,24,329)
INSERT INTO Hoadonchitiet  VALUES (69,15,158)
INSERT INTO Hoadonchitiet  VALUES (78,38,329)
INSERT INTO Hoadonchitiet  VALUES (56,97,370)
INSERT INTO Hoadonchitiet  VALUES (51,29,363)
INSERT INTO Hoadonchitiet  VALUES (99,72,278)
INSERT INTO Hoadonchitiet  VALUES (59,2,102)
INSERT INTO Hoadonchitiet  VALUES (91,94,141)
INSERT INTO Hoadonchitiet  VALUES (45,31,202)
INSERT INTO Hoadonchitiet  VALUES (30,2,365)
INSERT INTO Hoadonchitiet  VALUES (12,85,345)
INSERT INTO Hoadonchitiet  VALUES (65,3,271)
INSERT INTO Hoadonchitiet  VALUES (98,94,333)
INSERT INTO Hoadonchitiet  VALUES (45,85,305)
INSERT INTO Hoadonchitiet  VALUES (14,34,8)
INSERT INTO Hoadonchitiet  VALUES (27,67,353)
INSERT INTO Hoadonchitiet  VALUES (2,20,340)
INSERT INTO Hoadonchitiet  VALUES (30,33,337)
INSERT INTO Hoadonchitiet  VALUES (13,18,320)
INSERT INTO Hoadonchitiet  VALUES (69,77,178)
INSERT INTO Hoadonchitiet  VALUES (52,44,272)
INSERT INTO Hoadonchitiet  VALUES (80,88,102)
INSERT INTO Hoadonchitiet  VALUES (17,58,394)
INSERT INTO Hoadonchitiet  VALUES (49,14,463)
INSERT INTO Hoadonchitiet  VALUES (85,9,373)
INSERT INTO Hoadonchitiet  VALUES (87,23,34)
INSERT INTO Hoadonchitiet  VALUES (8,63,475)
INSERT INTO Hoadonchitiet  VALUES (15,31,164)
INSERT INTO Hoadonchitiet  VALUES (47,87,64)
INSERT INTO Hoadonchitiet  VALUES (23,68,46)
INSERT INTO Hoadonchitiet  VALUES (46,29,462)
INSERT INTO Hoadonchitiet  VALUES (96,15,191)
INSERT INTO Hoadonchitiet  VALUES (85,90,106)
INSERT INTO Hoadonchitiet  VALUES (35,38,465)
INSERT INTO Hoadonchitiet  VALUES (8,49,66)
INSERT INTO Hoadonchitiet  VALUES (36,70,16)
INSERT INTO Hoadonchitiet  VALUES (41,23,448)
INSERT INTO Hoadonchitiet  VALUES (68,84,291)
INSERT INTO Hoadonchitiet  VALUES (5,43,205)
INSERT INTO Hoadonchitiet  VALUES (58,89,218)
INSERT INTO Hoadonchitiet  VALUES (12,67,404)
INSERT INTO Hoadonchitiet  VALUES (72,50,94)
INSERT INTO Hoadonchitiet  VALUES (36,35,445)
INSERT INTO Hoadonchitiet  VALUES (85,12,108)
INSERT INTO Hoadonchitiet  VALUES (46,45,468)
INSERT INTO Hoadonchitiet  VALUES (10,100,444)
INSERT INTO Hoadonchitiet  VALUES (95,44,258)
INSERT INTO Hoadonchitiet  VALUES (39,75,412)
INSERT INTO Hoadonchitiet  VALUES (43,38,69)
INSERT INTO Hoadonchitiet  VALUES (30,94,227)
INSERT INTO Hoadonchitiet  VALUES (60,68,227)
INSERT INTO Hoadonchitiet  VALUES (47,40,317)
INSERT INTO Hoadonchitiet  VALUES (89,70,17)
INSERT INTO Hoadonchitiet  VALUES (26,71,38)
INSERT INTO Hoadonchitiet  VALUES (23,65,11)
INSERT INTO Hoadonchitiet  VALUES (89,53,280)
INSERT INTO Hoadonchitiet  VALUES (92,50,83)
INSERT INTO Hoadonchitiet  VALUES (62,9,417)
INSERT INTO Hoadonchitiet  VALUES (30,10,450)
INSERT INTO Hoadonchitiet  VALUES (31,23,470)
INSERT INTO Hoadonchitiet  VALUES (4,21,125)
INSERT INTO Hoadonchitiet  VALUES (80,49,28)
INSERT INTO Hoadonchitiet  VALUES (51,51,455)
INSERT INTO Hoadonchitiet  VALUES (48,24,131)
INSERT INTO Hoadonchitiet  VALUES (77,40,108)
INSERT INTO Hoadonchitiet  VALUES (10,59,191)
INSERT INTO Hoadonchitiet  VALUES (83,30,34)
INSERT INTO Hoadonchitiet  VALUES (31,25,300)
INSERT INTO Hoadonchitiet  VALUES (56,48,230)
INSERT INTO Hoadonchitiet  VALUES (92,79,236)
INSERT INTO Hoadonchitiet  VALUES (47,54,390)
INSERT INTO Hoadonchitiet  VALUES (93,49,112)
INSERT INTO Hoadonchitiet  VALUES (27,75,130)
INSERT INTO Hoadonchitiet  VALUES (1,11,50)
INSERT INTO Hoadonchitiet  VALUES (77,20,327)
INSERT INTO Hoadonchitiet  VALUES (37,59,124)
INSERT INTO Hoadonchitiet  VALUES (54,92,250)
INSERT INTO Hoadonchitiet  VALUES (32,60,145)
INSERT INTO Hoadonchitiet  VALUES (47,53,103)
INSERT INTO Hoadonchitiet  VALUES (33,37,206)
INSERT INTO Hoadonchitiet  VALUES (64,91,78)
INSERT INTO Hoadonchitiet  VALUES (79,90,139)
INSERT INTO Hoadonchitiet  VALUES (27,12,476)
INSERT INTO Hoadonchitiet  VALUES (24,25,356)
INSERT INTO Hoadonchitiet  VALUES (1,40,108)
INSERT INTO Hoadonchitiet  VALUES (97,63,145)
INSERT INTO Hoadonchitiet  VALUES (52,35,293)
INSERT INTO Hoadonchitiet  VALUES (58,87,114)
INSERT INTO Hoadonchitiet  VALUES (54,1,66)
INSERT INTO Hoadonchitiet  VALUES (10,47,209)
INSERT INTO Hoadonchitiet  VALUES (52,95,349)
INSERT INTO Hoadonchitiet  VALUES (67,60,88)
INSERT INTO Hoadonchitiet  VALUES (17,57,356)
INSERT INTO Hoadonchitiet  VALUES (75,22,388)
INSERT INTO Hoadonchitiet  VALUES (54,44,33)
INSERT INTO Hoadonchitiet  VALUES (3,45,472)
INSERT INTO Hoadonchitiet  VALUES (87,25,256)
INSERT INTO Hoadonchitiet  VALUES (81,40,393)
INSERT INTO Hoadonchitiet  VALUES (74,60,432)
INSERT INTO Hoadonchitiet  VALUES (3,69,365)
INSERT INTO Hoadonchitiet  VALUES (62,29,243)
INSERT INTO Hoadonchitiet  VALUES (35,2,325)
INSERT INTO Hoadonchitiet  VALUES (62,78,328)
INSERT INTO Hoadonchitiet  VALUES (69,45,8)
INSERT INTO Hoadonchitiet  VALUES (24,44,265)
INSERT INTO Hoadonchitiet  VALUES (24,4,389)
INSERT INTO Hoadonchitiet  VALUES (13,63,43)
INSERT INTO Hoadonchitiet  VALUES (56,44,125)
INSERT INTO Hoadonchitiet  VALUES (24,37,87)
INSERT INTO Hoadonchitiet  VALUES (68,18,472)
INSERT INTO Hoadonchitiet  VALUES (9,91,227)
INSERT INTO Hoadonchitiet  VALUES (62,60,140)
INSERT INTO Hoadonchitiet  VALUES (3,5,420)
INSERT INTO Hoadonchitiet  VALUES (1,73,93)
INSERT INTO Hoadonchitiet  VALUES (23,23,15)
INSERT INTO Hoadonchitiet  VALUES (31,94,76)
INSERT INTO Hoadonchitiet  VALUES (58,64,419)
INSERT INTO Hoadonchitiet  VALUES (75,17,221)
INSERT INTO Hoadonchitiet  VALUES (22,15,322)
INSERT INTO Hoadonchitiet  VALUES (34,5,126)
INSERT INTO Hoadonchitiet  VALUES (58,6,337)
INSERT INTO Hoadonchitiet  VALUES (18,66,41)
INSERT INTO Hoadonchitiet  VALUES (32,62,449)
INSERT INTO Hoadonchitiet  VALUES (1,25,124)
INSERT INTO Hoadonchitiet  VALUES (82,8,420)
INSERT INTO Hoadonchitiet  VALUES (91,70,168)
INSERT INTO Hoadonchitiet  VALUES (4,46,81)
INSERT INTO Hoadonchitiet  VALUES (69,78,162)
INSERT INTO Hoadonchitiet  VALUES (42,90,162)
INSERT INTO Hoadonchitiet  VALUES (16,4,327)
INSERT INTO Hoadonchitiet  VALUES (26,11,110)
INSERT INTO Hoadonchitiet  VALUES (83,81,117)
INSERT INTO Hoadonchitiet  VALUES (35,76,15)
INSERT INTO Hoadonchitiet  VALUES (56,66,336)
INSERT INTO Hoadonchitiet  VALUES (61,61,126)
INSERT INTO Hoadonchitiet  VALUES (69,27,236)
INSERT INTO Hoadonchitiet  VALUES (93,20,447)
INSERT INTO Hoadonchitiet  VALUES (49,47,357)
INSERT INTO Hoadonchitiet  VALUES (40,27,248)
INSERT INTO Hoadonchitiet  VALUES (28,59,318)
INSERT INTO Hoadonchitiet  VALUES (85,14,99)
INSERT INTO Hoadonchitiet  VALUES (79,64,184)
INSERT INTO Hoadonchitiet  VALUES (15,74,331)
INSERT INTO Hoadonchitiet  VALUES (78,58,418)
INSERT INTO Hoadonchitiet  VALUES (89,81,318)
INSERT INTO Hoadonchitiet  VALUES (77,20,415)
INSERT INTO Hoadonchitiet  VALUES (74,6,173)
INSERT INTO Hoadonchitiet  VALUES (5,33,396)
INSERT INTO Hoadonchitiet  VALUES (58,69,92)
INSERT INTO Hoadonchitiet  VALUES (34,22,410)
INSERT INTO Hoadonchitiet  VALUES (45,78,432)
INSERT INTO Hoadonchitiet  VALUES (9,59,86)
INSERT INTO Hoadonchitiet  VALUES (50,96,432)
INSERT INTO Hoadonchitiet  VALUES (58,37,308)
INSERT INTO Hoadonchitiet  VALUES (86,92,57)
INSERT INTO Hoadonchitiet  VALUES (57,84,78)
INSERT INTO Hoadonchitiet  VALUES (61,61,132)
INSERT INTO Hoadonchitiet  VALUES (29,87,283)
INSERT INTO Hoadonchitiet  VALUES (74,94,237)
INSERT INTO Hoadonchitiet  VALUES (82,21,353)
INSERT INTO Hoadonchitiet  VALUES (11,5,339)
INSERT INTO Hoadonchitiet  VALUES (58,76,27)
INSERT INTO Hoadonchitiet  VALUES (92,100,291)
INSERT INTO Hoadonchitiet  VALUES (36,71,303)
INSERT INTO Hoadonchitiet  VALUES (83,29,419)
INSERT INTO Hoadonchitiet  VALUES (68,78,388)
INSERT INTO Hoadonchitiet  VALUES (1,52,354)
INSERT INTO Hoadonchitiet  VALUES (11,41,364)
INSERT INTO Hoadonchitiet  VALUES (10,94,285)
INSERT INTO Hoadonchitiet  VALUES (58,56,52)
INSERT INTO Hoadonchitiet  VALUES (92,38,173)
INSERT INTO Hoadonchitiet  VALUES (11,50,145)
INSERT INTO Hoadonchitiet  VALUES (39,89,151)
INSERT INTO Hoadonchitiet  VALUES (86,40,72)
INSERT INTO Hoadonchitiet  VALUES (27,74,359)
INSERT INTO Hoadonchitiet  VALUES (7,82,217)
INSERT INTO Hoadonchitiet  VALUES (45,81,45)
INSERT INTO Hoadonchitiet  VALUES (31,51,122)
INSERT INTO Hoadonchitiet  VALUES (27,73,138)
INSERT INTO Hoadonchitiet  VALUES (85,95,282)
INSERT INTO Hoadonchitiet  VALUES (97,100,285)
INSERT INTO Hoadonchitiet  VALUES (60,47,346)
INSERT INTO Hoadonchitiet  VALUES (93,87,457)
INSERT INTO Hoadonchitiet  VALUES (72,65,164)
INSERT INTO Hoadonchitiet  VALUES (90,53,437)
INSERT INTO Hoadonchitiet  VALUES (57,63,188)
INSERT INTO Hoadonchitiet  VALUES (11,1,424)
INSERT INTO Hoadonchitiet  VALUES (68,75,415)
INSERT INTO Hoadonchitiet  VALUES (81,64,467)
INSERT INTO Hoadonchitiet  VALUES (64,51,407)
INSERT INTO Hoadonchitiet  VALUES (81,42,146)
INSERT INTO Hoadonchitiet  VALUES (22,63,438)
INSERT INTO Hoadonchitiet  VALUES (40,82,469)
INSERT INTO Hoadonchitiet  VALUES (52,87,366)
INSERT INTO Hoadonchitiet  VALUES (46,67,124)
INSERT INTO Hoadonchitiet  VALUES (47,90,169)
INSERT INTO Hoadonchitiet  VALUES (82,70,120)
INSERT INTO Hoadonchitiet  VALUES (59,99,463)
INSERT INTO Hoadonchitiet  VALUES (25,13,34)
INSERT INTO Hoadonchitiet  VALUES (68,94,66)
INSERT INTO Hoadonchitiet  VALUES (54,68,333)
INSERT INTO Hoadonchitiet  VALUES (95,38,283)
INSERT INTO Hoadonchitiet  VALUES (97,60,210)
INSERT INTO Hoadonchitiet  VALUES (80,51,32)
INSERT INTO Hoadonchitiet  VALUES (73,94,154)
INSERT INTO Hoadonchitiet  VALUES (76,59,456)
INSERT INTO Hoadonchitiet  VALUES (83,38,28)
INSERT INTO Hoadonchitiet  VALUES (16,18,280)
INSERT INTO Hoadonchitiet  VALUES (37,90,149)
INSERT INTO Hoadonchitiet  VALUES (37,25,296)
INSERT INTO Hoadonchitiet  VALUES (31,77,44)
INSERT INTO Hoadonchitiet  VALUES (99,48,282)
INSERT INTO Hoadonchitiet  VALUES (57,56,357)
INSERT INTO Hoadonchitiet  VALUES (61,25,465)
INSERT INTO Hoadonchitiet  VALUES (87,70,81)
INSERT INTO Hoadonchitiet  VALUES (18,43,23)
INSERT INTO Hoadonchitiet  VALUES (94,33,68)
INSERT INTO Hoadonchitiet  VALUES (5,28,328)
INSERT INTO Hoadonchitiet  VALUES (18,31,119)
INSERT INTO Hoadonchitiet  VALUES (100,45,130)
INSERT INTO Hoadonchitiet  VALUES (84,38,55)
INSERT INTO Hoadonchitiet  VALUES (79,1,97)
INSERT INTO Hoadonchitiet  VALUES (37,62,332)
INSERT INTO Hoadonchitiet  VALUES (54,23,399)
INSERT INTO Hoadonchitiet  VALUES (1,87,320)
INSERT INTO Hoadonchitiet  VALUES (68,60,169)
INSERT INTO Hoadonchitiet  VALUES (25,57,372)
INSERT INTO Hoadonchitiet  VALUES (35,58,253)
INSERT INTO Hoadonchitiet  VALUES (59,30,131)
INSERT INTO Hoadonchitiet  VALUES (30,12,5)
INSERT INTO Hoadonchitiet  VALUES (22,60,75)
INSERT INTO Hoadonchitiet  VALUES (77,98,160)
INSERT INTO Hoadonchitiet  VALUES (81,38,435)
INSERT INTO Hoadonchitiet  VALUES (9,14,397)
INSERT INTO Hoadonchitiet  VALUES (83,84,303)
INSERT INTO Hoadonchitiet  VALUES (44,65,123)
INSERT INTO Hoadonchitiet  VALUES (64,53,3)
INSERT INTO Hoadonchitiet  VALUES (63,88,191)
INSERT INTO Hoadonchitiet  VALUES (12,100,101)
INSERT INTO Hoadonchitiet  VALUES (54,39,212)
INSERT INTO Hoadonchitiet  VALUES (30,3,47)
INSERT INTO Hoadonchitiet  VALUES (97,95,421)
INSERT INTO Hoadonchitiet  VALUES (54,33,61)
INSERT INTO Hoadonchitiet  VALUES (98,48,32)
INSERT INTO Hoadonchitiet  VALUES (31,25,196)
INSERT INTO Hoadonchitiet  VALUES (15,18,9)
INSERT INTO Hoadonchitiet  VALUES (58,48,176)
INSERT INTO Hoadonchitiet  VALUES (71,75,73)
INSERT INTO Hoadonchitiet  VALUES (17,45,65)
INSERT INTO Hoadonchitiet  VALUES (91,60,71)
INSERT INTO Hoadonchitiet  VALUES (89,87,270)
INSERT INTO Hoadonchitiet  VALUES (86,29,342)
INSERT INTO Hoadonchitiet  VALUES (26,52,266)
INSERT INTO Hoadonchitiet  VALUES (6,60,377)
INSERT INTO Hoadonchitiet  VALUES (8,64,143)
INSERT INTO Hoadonchitiet  VALUES (73,10,95)
INSERT INTO Hoadonchitiet  VALUES (80,52,31)
INSERT INTO Hoadonchitiet  VALUES (51,39,149)
INSERT INTO Hoadonchitiet  VALUES (15,57,335)
INSERT INTO Hoadonchitiet  VALUES (75,58,238)
INSERT INTO Hoadonchitiet  VALUES (96,88,257)
INSERT INTO Hoadonchitiet  VALUES (23,33,19)
INSERT INTO Hoadonchitiet  VALUES (16,53,409)
INSERT INTO Hoadonchitiet  VALUES (19,20,240)
INSERT INTO Hoadonchitiet  VALUES (63,43,21)
INSERT INTO Hoadonchitiet  VALUES (68,100,99)
INSERT INTO Hoadonchitiet  VALUES (12,64,191)
INSERT INTO Hoadonchitiet  VALUES (57,19,405)
INSERT INTO Hoadonchitiet  VALUES (86,64,411)
INSERT INTO Hoadonchitiet  VALUES (44,73,41)
INSERT INTO Hoadonchitiet  VALUES (35,35,431)
INSERT INTO Hoadonchitiet  VALUES (67,3,225)
INSERT INTO Hoadonchitiet  VALUES (4,30,54)
INSERT INTO Hoadonchitiet  VALUES (41,34,235)
INSERT INTO Hoadonchitiet  VALUES (41,62,216)
INSERT INTO Hoadonchitiet  VALUES (19,15,168)
INSERT INTO Hoadonchitiet  VALUES (56,57,373)
INSERT INTO Hoadonchitiet  VALUES (74,4,390)
INSERT INTO Hoadonchitiet  VALUES (67,61,446)
INSERT INTO Hoadonchitiet  VALUES (8,40,116)
INSERT INTO Hoadonchitiet  VALUES (63,13,234)
INSERT INTO Hoadonchitiet  VALUES (57,73,179)
INSERT INTO Hoadonchitiet  VALUES (37,14,72)
INSERT INTO Hoadonchitiet  VALUES (27,39,310)
INSERT INTO Hoadonchitiet  VALUES (57,75,367)
INSERT INTO Hoadonchitiet  VALUES (76,45,98)
INSERT INTO Hoadonchitiet  VALUES (11,96,366)
INSERT INTO Hoadonchitiet  VALUES (58,79,71)
INSERT INTO Hoadonchitiet  VALUES (25,30,375)
INSERT INTO Hoadonchitiet  VALUES (92,11,430)
INSERT INTO Hoadonchitiet  VALUES (28,83,305)
INSERT INTO Hoadonchitiet  VALUES (66,86,325)
INSERT INTO Hoadonchitiet  VALUES (16,35,306)
INSERT INTO Hoadonchitiet  VALUES (33,46,112)
INSERT INTO Hoadonchitiet  VALUES (19,18,171)
INSERT INTO Hoadonchitiet  VALUES (80,84,101)
INSERT INTO Hoadonchitiet  VALUES (75,39,211)
INSERT INTO Hoadonchitiet  VALUES (57,21,160)
INSERT INTO Hoadonchitiet  VALUES (38,68,290)
INSERT INTO Hoadonchitiet  VALUES (97,81,438)
INSERT INTO Hoadonchitiet  VALUES (31,4,317)
INSERT INTO Hoadonchitiet  VALUES (38,39,442)
INSERT INTO Hoadonchitiet  VALUES (73,91,78)
INSERT INTO Hoadonchitiet  VALUES (15,63,19)
INSERT INTO Hoadonchitiet  VALUES (24,71,63)
INSERT INTO Hoadonchitiet  VALUES (5,70,320)
INSERT INTO Hoadonchitiet  VALUES (17,83,371)
INSERT INTO Hoadonchitiet  VALUES (52,39,77)
INSERT INTO Hoadonchitiet  VALUES (68,9,164)
INSERT INTO Hoadonchitiet  VALUES (10,78,18)
INSERT INTO Hoadonchitiet  VALUES (90,21,71)
INSERT INTO Hoadonchitiet  VALUES (9,57,204)
INSERT INTO Hoadonchitiet  VALUES (65,61,157)
INSERT INTO Hoadonchitiet  VALUES (86,25,346)
INSERT INTO Hoadonchitiet  VALUES (42,88,161)
INSERT INTO Hoadonchitiet  VALUES (27,8,386)
INSERT INTO Hoadonchitiet  VALUES (16,4,102)
INSERT INTO Hoadonchitiet  VALUES (3,93,254)
INSERT INTO Hoadonchitiet  VALUES (90,19,288)
INSERT INTO Hoadonchitiet  VALUES (41,96,3)
INSERT INTO Hoadonchitiet  VALUES (73,24,415)
INSERT INTO Hoadonchitiet  VALUES (60,63,2)
INSERT INTO Hoadonchitiet  VALUES (85,37,214)
INSERT INTO Hoadonchitiet  VALUES (99,94,455)
INSERT INTO Hoadonchitiet  VALUES (80,15,166)
INSERT INTO Hoadonchitiet  VALUES (16,9,169)
INSERT INTO Hoadonchitiet  VALUES (70,49,270)
INSERT INTO Hoadonchitiet  VALUES (37,45,144)
INSERT INTO Hoadonchitiet  VALUES (40,95,434)
INSERT INTO Hoadonchitiet  VALUES (15,97,391)
INSERT INTO Hoadonchitiet  VALUES (42,7,101)
INSERT INTO Hoadonchitiet  VALUES (18,94,338)
INSERT INTO Hoadonchitiet  VALUES (67,78,235)
INSERT INTO Hoadonchitiet  VALUES (81,25,147)
INSERT INTO Hoadonchitiet  VALUES (43,92,366)
INSERT INTO Hoadonchitiet  VALUES (32,66,190)
INSERT INTO Hoadonchitiet  VALUES (89,69,335)
INSERT INTO Hoadonchitiet  VALUES (85,54,320)
INSERT INTO Hoadonchitiet  VALUES (11,51,182)
INSERT INTO Hoadonchitiet  VALUES (86,31,73)
INSERT INTO Hoadonchitiet  VALUES (31,33,477)
INSERT INTO Hoadonchitiet  VALUES (68,78,297)
INSERT INTO Hoadonchitiet  VALUES (25,16,471)
INSERT INTO Hoadonchitiet  VALUES (95,41,473)
INSERT INTO Hoadonchitiet  VALUES (59,28,240)
INSERT INTO Hoadonchitiet  VALUES (4,49,343)
INSERT INTO Hoadonchitiet  VALUES (51,35,158)
INSERT INTO Hoadonchitiet  VALUES (12,17,259)
INSERT INTO Hoadonchitiet  VALUES (72,55,451)
INSERT INTO Hoadonchitiet  VALUES (93,45,387)
INSERT INTO Hoadonchitiet  VALUES (27,79,17)
INSERT INTO Hoadonchitiet  VALUES (33,62,103)
INSERT INTO Hoadonchitiet  VALUES (78,6,441)
INSERT INTO Hoadonchitiet  VALUES (89,61,147)
INSERT INTO Hoadonchitiet  VALUES (21,4,308)
INSERT INTO Hoadonchitiet  VALUES (13,95,396)
INSERT INTO Hoadonchitiet  VALUES (21,92,40)
INSERT INTO Hoadonchitiet  VALUES (45,24,342)
INSERT INTO Hoadonchitiet  VALUES (50,41,16)
INSERT INTO Hoadonchitiet  VALUES (12,2,306)
INSERT INTO Hoadonchitiet  VALUES (24,14,393)
INSERT INTO Hoadonchitiet  VALUES (18,27,46)
INSERT INTO Hoadonchitiet  VALUES (27,8,121)
INSERT INTO Hoadonchitiet  VALUES (49,89,305)
INSERT INTO Hoadonchitiet  VALUES (19,12,237)
INSERT INTO Hoadonchitiet  VALUES (11,2,83)
INSERT INTO Hoadonchitiet  VALUES (64,1,389)
INSERT INTO Hoadonchitiet  VALUES (38,19,436)
INSERT INTO Hoadonchitiet  VALUES (80,40,37)
INSERT INTO Hoadonchitiet  VALUES (57,57,181)
INSERT INTO Hoadonchitiet  VALUES (100,26,87)
INSERT INTO Hoadonchitiet  VALUES (31,98,222)
INSERT INTO Hoadonchitiet  VALUES (57,64,224)
INSERT INTO Hoadonchitiet  VALUES (93,55,395)
INSERT INTO Hoadonchitiet  VALUES (26,7,395)
INSERT INTO Hoadonchitiet  VALUES (57,48,175)
INSERT INTO Hoadonchitiet  VALUES (53,87,55)
INSERT INTO Hoadonchitiet  VALUES (62,88,246)
INSERT INTO Hoadonchitiet  VALUES (79,5,197)
INSERT INTO Hoadonchitiet  VALUES (10,18,369)
INSERT INTO Hoadonchitiet  VALUES (4,46,374)
INSERT INTO Hoadonchitiet  VALUES (22,70,368)
INSERT INTO Hoadonchitiet  VALUES (54,6,463)
INSERT INTO Hoadonchitiet  VALUES (22,15,185)
INSERT INTO Hoadonchitiet  VALUES (57,64,463)
INSERT INTO Hoadonchitiet  VALUES (99,40,157)
INSERT INTO Hoadonchitiet  VALUES (14,74,3)
INSERT INTO Hoadonchitiet  VALUES (34,51,206)
INSERT INTO Hoadonchitiet  VALUES (86,36,365)
INSERT INTO Hoadonchitiet  VALUES (72,55,311)
INSERT INTO Hoadonchitiet  VALUES (96,6,455)
INSERT INTO Hoadonchitiet  VALUES (21,13,197)
INSERT INTO Hoadonchitiet  VALUES (32,47,261)
INSERT INTO Hoadonchitiet  VALUES (94,78,477)
INSERT INTO Hoadonchitiet  VALUES (88,50,312)
INSERT INTO Hoadonchitiet  VALUES (25,63,231)
INSERT INTO Hoadonchitiet  VALUES (23,26,291)
INSERT INTO Hoadonchitiet  VALUES (16,17,177)
INSERT INTO Hoadonchitiet  VALUES (35,80,447)
INSERT INTO Hoadonchitiet  VALUES (86,62,239)
INSERT INTO Hoadonchitiet  VALUES (40,51,175)
INSERT INTO Hoadonchitiet  VALUES (52,7,327)
INSERT INTO Hoadonchitiet  VALUES (28,30,317)
INSERT INTO Hoadonchitiet  VALUES (39,96,450)
INSERT INTO Hoadonchitiet  VALUES (18,93,196)
INSERT INTO Hoadonchitiet  VALUES (44,73,22)
INSERT INTO Hoadonchitiet  VALUES (29,35,114)
INSERT INTO Hoadonchitiet  VALUES (32,32,126)
INSERT INTO Hoadonchitiet  VALUES (100,83,148)
INSERT INTO Hoadonchitiet  VALUES (31,13,109)
INSERT INTO Hoadonchitiet  VALUES (92,56,150)
INSERT INTO Hoadonchitiet  VALUES (43,69,405)
INSERT INTO Hoadonchitiet  VALUES (29,83,104)
INSERT INTO Hoadonchitiet  VALUES (1,56,56)
INSERT INTO Hoadonchitiet  VALUES (93,84,372)
INSERT INTO Hoadonchitiet  VALUES (74,18,191)
INSERT INTO Hoadonchitiet  VALUES (84,31,326)
INSERT INTO Hoadonchitiet  VALUES (99,53,75)
INSERT INTO Hoadonchitiet  VALUES (20,98,99)
INSERT INTO Hoadonchitiet  VALUES (46,17,188)
INSERT INTO Hoadonchitiet  VALUES (54,25,407)
INSERT INTO Hoadonchitiet  VALUES (75,35,264)
INSERT INTO Hoadonchitiet  VALUES (60,51,388)
INSERT INTO Hoadonchitiet  VALUES (1,66,305)
INSERT INTO Hoadonchitiet  VALUES (81,34,373)
INSERT INTO Hoadonchitiet  VALUES (5,14,285)
INSERT INTO Hoadonchitiet  VALUES (85,30,114)
INSERT INTO Hoadonchitiet  VALUES (71,39,310)
INSERT INTO Hoadonchitiet  VALUES (52,20,212)
INSERT INTO Hoadonchitiet  VALUES (12,4,197)
INSERT INTO Hoadonchitiet  VALUES (64,84,441)
INSERT INTO Hoadonchitiet  VALUES (46,33,96)
INSERT INTO Hoadonchitiet  VALUES (1,36,227)
INSERT INTO Hoadonchitiet  VALUES (4,38,193)
INSERT INTO Hoadonchitiet  VALUES (82,59,134)
INSERT INTO Hoadonchitiet  VALUES (68,14,69)
INSERT INTO Hoadonchitiet  VALUES (47,74,362)
INSERT INTO Hoadonchitiet  VALUES (2,30,474)
INSERT INTO Hoadonchitiet  VALUES (83,65,87)
INSERT INTO Hoadonchitiet  VALUES (64,16,366)
INSERT INTO Hoadonchitiet  VALUES (79,54,59)
INSERT INTO Hoadonchitiet  VALUES (22,51,80)
INSERT INTO Hoadonchitiet  VALUES (42,90,31)
INSERT INTO Hoadonchitiet  VALUES (91,55,313)
INSERT INTO Hoadonchitiet  VALUES (11,59,354)
INSERT INTO Hoadonchitiet  VALUES (34,12,191)
INSERT INTO Hoadonchitiet  VALUES (9,41,265)
INSERT INTO Hoadonchitiet  VALUES (61,29,289)
INSERT INTO Hoadonchitiet  VALUES (46,48,160)
INSERT INTO Hoadonchitiet  VALUES (81,52,419)
INSERT INTO Hoadonchitiet  VALUES (75,21,195)
INSERT INTO Hoadonchitiet  VALUES (97,51,237)
INSERT INTO Hoadonchitiet  VALUES (84,42,87)
INSERT INTO Hoadonchitiet  VALUES (55,87,439)
INSERT INTO Hoadonchitiet  VALUES (53,6,287)
INSERT INTO Hoadonchitiet  VALUES (98,89,410)
INSERT INTO Hoadonchitiet  VALUES (52,78,217)
INSERT INTO Hoadonchitiet  VALUES (50,79,67)
INSERT INTO Hoadonchitiet  VALUES (87,78,412)
INSERT INTO Hoadonchitiet  VALUES (27,23,257)
INSERT INTO Hoadonchitiet  VALUES (36,77,385)
INSERT INTO Hoadonchitiet  VALUES (24,14,237)
INSERT INTO Hoadonchitiet  VALUES (4,17,73)
INSERT INTO Hoadonchitiet  VALUES (1,94,160)
INSERT INTO Hoadonchitiet  VALUES (5,87,221)
INSERT INTO Hoadonchitiet  VALUES (75,67,261)
INSERT INTO Hoadonchitiet  VALUES (90,99,449)
INSERT INTO Hoadonchitiet  VALUES (10,13,30)
INSERT INTO Hoadonchitiet  VALUES (86,91,12)
INSERT INTO Hoadonchitiet  VALUES (21,32,341)
INSERT INTO Hoadonchitiet  VALUES (29,12,390)
INSERT INTO Hoadonchitiet  VALUES (28,86,245)
INSERT INTO Hoadonchitiet  VALUES (95,66,212)
INSERT INTO Hoadonchitiet  VALUES (50,13,301)
INSERT INTO Hoadonchitiet  VALUES (82,29,389)
INSERT INTO Hoadonchitiet  VALUES (14,99,241)
INSERT INTO Hoadonchitiet  VALUES (55,69,266)
INSERT INTO Hoadonchitiet  VALUES (5,35,406)
INSERT INTO Hoadonchitiet  VALUES (54,84,350)
INSERT INTO Hoadonchitiet  VALUES (14,53,400)
INSERT INTO Hoadonchitiet  VALUES (64,52,142)
INSERT INTO Hoadonchitiet  VALUES (98,49,68)
INSERT INTO Hoadonchitiet  VALUES (81,18,368)
INSERT INTO Hoadonchitiet  VALUES (45,87,367)
INSERT INTO Hoadonchitiet  VALUES (24,26,204)
INSERT INTO Hoadonchitiet  VALUES (45,21,120)
INSERT INTO Hoadonchitiet  VALUES (17,20,27)
INSERT INTO Hoadonchitiet  VALUES (12,76,420)
INSERT INTO Hoadonchitiet  VALUES (9,88,176)
INSERT INTO Hoadonchitiet  VALUES (82,89,210)
INSERT INTO Hoadonchitiet  VALUES (34,10,19)
INSERT INTO Hoadonchitiet  VALUES (25,81,304)
INSERT INTO Hoadonchitiet  VALUES (36,27,222)
INSERT INTO Hoadonchitiet  VALUES (47,76,465)
INSERT INTO Hoadonchitiet  VALUES (17,64,141)
INSERT INTO Hoadonchitiet  VALUES (28,89,31)
INSERT INTO Hoadonchitiet  VALUES (78,16,387)
INSERT INTO Hoadonchitiet  VALUES (91,11,217)
INSERT INTO Hoadonchitiet  VALUES (3,96,206)
INSERT INTO Hoadonchitiet  VALUES (81,42,64)
INSERT INTO Hoadonchitiet  VALUES (72,50,51)
INSERT INTO Hoadonchitiet  VALUES (71,24,458)
INSERT INTO Hoadonchitiet  VALUES (45,43,138)
INSERT INTO Hoadonchitiet  VALUES (67,77,50)
INSERT INTO Hoadonchitiet  VALUES (31,65,332)
INSERT INTO Hoadonchitiet  VALUES (63,83,182)
INSERT INTO Hoadonchitiet  VALUES (3,54,106)
INSERT INTO Hoadonchitiet  VALUES (64,21,319)
INSERT INTO Hoadonchitiet  VALUES (82,50,78)
INSERT INTO Hoadonchitiet  VALUES (67,60,312)
INSERT INTO Hoadonchitiet  VALUES (86,30,260)
INSERT INTO Hoadonchitiet  VALUES (34,87,442)
INSERT INTO Hoadonchitiet  VALUES (62,83,50)
INSERT INTO Hoadonchitiet  VALUES (13,86,99)
INSERT INTO Hoadonchitiet  VALUES (100,76,257)
INSERT INTO Hoadonchitiet  VALUES (91,54,475)
INSERT INTO Hoadonchitiet  VALUES (40,73,60)
INSERT INTO Hoadonchitiet  VALUES (85,31,98)
INSERT INTO Hoadonchitiet  VALUES (70,52,231)
INSERT INTO Hoadonchitiet  VALUES (64,27,446)
INSERT INTO Hoadonchitiet  VALUES (37,52,347)
INSERT INTO Hoadonchitiet  VALUES (26,10,226)
INSERT INTO Hoadonchitiet  VALUES (79,100,158)
INSERT INTO Hoadonchitiet  VALUES (28,40,53)
INSERT INTO Hoadonchitiet  VALUES (27,92,417)
INSERT INTO Hoadonchitiet  VALUES (44,87,338)
INSERT INTO Hoadonchitiet  VALUES (35,90,134)
INSERT INTO Hoadonchitiet  VALUES (28,34,259)
INSERT INTO Hoadonchitiet  VALUES (75,54,69)
INSERT INTO Hoadonchitiet  VALUES (13,72,2)
INSERT INTO Hoadonchitiet  VALUES (91,68,127)
INSERT INTO Hoadonchitiet  VALUES (13,40,89)
INSERT INTO Hoadonchitiet  VALUES (77,69,260)
INSERT INTO Hoadonchitiet  VALUES (37,31,427)
INSERT INTO Hoadonchitiet  VALUES (46,74,463)
INSERT INTO Hoadonchitiet  VALUES (2,76,215)
INSERT INTO Hoadonchitiet  VALUES (19,81,448)
INSERT INTO Hoadonchitiet  VALUES (51,78,184)
INSERT INTO Hoadonchitiet  VALUES (33,79,420)
INSERT INTO Hoadonchitiet  VALUES (65,77,297)
INSERT INTO Hoadonchitiet  VALUES (4,15,352)
INSERT INTO Hoadonchitiet  VALUES (2,75,247)
INSERT INTO Hoadonchitiet  VALUES (97,24,229)
INSERT INTO Hoadonchitiet  VALUES (59,64,4)
INSERT INTO Hoadonchitiet  VALUES (58,22,115)
INSERT INTO Hoadonchitiet  VALUES (84,28,349)
INSERT INTO Hoadonchitiet  VALUES (25,6,154)
INSERT INTO Hoadonchitiet  VALUES (46,3,98)
INSERT INTO Hoadonchitiet  VALUES (5,2,373)
INSERT INTO Hoadonchitiet  VALUES (70,11,117)
INSERT INTO Hoadonchitiet  VALUES (97,53,280)
INSERT INTO Hoadonchitiet  VALUES (65,97,391)
INSERT INTO Hoadonchitiet  VALUES (49,65,416)
INSERT INTO Hoadonchitiet  VALUES (38,61,233)
INSERT INTO Hoadonchitiet  VALUES (65,32,80)
INSERT INTO Hoadonchitiet  VALUES (92,67,378)
INSERT INTO Hoadonchitiet  VALUES (86,48,20)
INSERT INTO Hoadonchitiet  VALUES (24,82,321)
INSERT INTO Hoadonchitiet  VALUES (78,88,35)
INSERT INTO Hoadonchitiet  VALUES (20,62,399)
INSERT INTO Hoadonchitiet  VALUES (87,96,220)
INSERT INTO Hoadonchitiet  VALUES (57,19,393)
INSERT INTO Hoadonchitiet  VALUES (62,82,331)
INSERT INTO Hoadonchitiet  VALUES (38,7,315)
INSERT INTO Hoadonchitiet  VALUES (100,29,13)
INSERT INTO Hoadonchitiet  VALUES (23,19,105)
INSERT INTO Hoadonchitiet  VALUES (57,57,198)
INSERT INTO Hoadonchitiet  VALUES (97,51,156)
INSERT INTO Hoadonchitiet  VALUES (93,11,13)
INSERT INTO Hoadonchitiet  VALUES (98,95,60)
INSERT INTO Hoadonchitiet  VALUES (56,61,342)
INSERT INTO Hoadonchitiet  VALUES (89,20,128)
INSERT INTO Hoadonchitiet  VALUES (45,88,42)
INSERT INTO Hoadonchitiet  VALUES (97,53,415)
INSERT INTO Hoadonchitiet  VALUES (71,66,123)
INSERT INTO Hoadonchitiet  VALUES (22,27,125)
INSERT INTO Hoadonchitiet  VALUES (85,79,74)
INSERT INTO Hoadonchitiet  VALUES (17,96,342)
INSERT INTO Hoadonchitiet  VALUES (79,56,49)
INSERT INTO Hoadonchitiet  VALUES (81,96,308)
INSERT INTO Hoadonchitiet  VALUES (48,16,156)
INSERT INTO Hoadonchitiet  VALUES (58,41,216)
INSERT INTO Hoadonchitiet  VALUES (53,99,449)
INSERT INTO Hoadonchitiet  VALUES (66,24,72)
INSERT INTO Hoadonchitiet  VALUES (78,48,375)
INSERT INTO Hoadonchitiet  VALUES (96,90,93)
INSERT INTO Hoadonchitiet  VALUES (47,89,44)
INSERT INTO Hoadonchitiet  VALUES (48,73,338)
INSERT INTO Hoadonchitiet  VALUES (16,93,211)
INSERT INTO Hoadonchitiet  VALUES (13,100,98)
INSERT INTO Hoadonchitiet  VALUES (65,30,396)
INSERT INTO Hoadonchitiet  VALUES (32,71,153)
INSERT INTO Hoadonchitiet  VALUES (72,16,187)
INSERT INTO Hoadonchitiet  VALUES (93,39,73)
INSERT INTO Hoadonchitiet  VALUES (40,20,429)
INSERT INTO Hoadonchitiet  VALUES (59,44,54)
INSERT INTO Hoadonchitiet  VALUES (77,41,103)
INSERT INTO Hoadonchitiet  VALUES (56,14,8)
INSERT INTO Hoadonchitiet  VALUES (46,33,169)
INSERT INTO Hoadonchitiet  VALUES (42,36,368)
INSERT INTO Hoadonchitiet  VALUES (56,39,166)
INSERT INTO Hoadonchitiet  VALUES (81,19,280)
INSERT INTO Hoadonchitiet  VALUES (78,36,47)
INSERT INTO Hoadonchitiet  VALUES (33,64,171)
INSERT INTO Hoadonchitiet  VALUES (47,51,417)
INSERT INTO Hoadonchitiet  VALUES (20,65,313)
INSERT INTO Hoadonchitiet  VALUES (32,88,328)
INSERT INTO Hoadonchitiet  VALUES (13,35,224)
INSERT INTO Hoadonchitiet  VALUES (56,49,360)
INSERT INTO Hoadonchitiet  VALUES (41,23,170)
INSERT INTO Hoadonchitiet  VALUES (49,33,224)
INSERT INTO Hoadonchitiet  VALUES (96,57,169)
INSERT INTO Hoadonchitiet  VALUES (30,31,100)
INSERT INTO Hoadonchitiet  VALUES (74,94,104)
INSERT INTO Hoadonchitiet  VALUES (38,20,310)
INSERT INTO Hoadonchitiet  VALUES (29,18,377)
INSERT INTO Hoadonchitiet  VALUES (25,15,200)
INSERT INTO Hoadonchitiet  VALUES (57,81,309)
INSERT INTO Hoadonchitiet  VALUES (16,22,464)
INSERT INTO Hoadonchitiet  VALUES (32,71,184)
INSERT INTO Hoadonchitiet  VALUES (62,69,340)
INSERT INTO Hoadonchitiet  VALUES (96,5,171)
INSERT INTO Hoadonchitiet  VALUES (17,44,329)
INSERT INTO Hoadonchitiet  VALUES (44,65,240)
INSERT INTO Hoadonchitiet  VALUES (4,52,46)
INSERT INTO Hoadonchitiet  VALUES (54,45,11)
INSERT INTO Hoadonchitiet  VALUES (96,26,59)
INSERT INTO Hoadonchitiet  VALUES (39,34,153)
INSERT INTO Hoadonchitiet  VALUES (43,18,66)
INSERT INTO Hoadonchitiet  VALUES (85,63,427)
INSERT INTO Hoadonchitiet  VALUES (86,16,128)
INSERT INTO Hoadonchitiet  VALUES (53,91,286)
INSERT INTO Hoadonchitiet  VALUES (47,28,419)
INSERT INTO Hoadonchitiet  VALUES (16,96,294)
INSERT INTO Hoadonchitiet  VALUES (24,12,60)
INSERT INTO Hoadonchitiet  VALUES (10,75,412)
INSERT INTO Hoadonchitiet  VALUES (44,75,207)
INSERT INTO Hoadonchitiet  VALUES (33,10,118)
INSERT INTO Hoadonchitiet  VALUES (5,49,326)
INSERT INTO Hoadonchitiet  VALUES (97,15,16)
INSERT INTO Hoadonchitiet  VALUES (80,39,387)
INSERT INTO Hoadonchitiet  VALUES (88,19,21)
INSERT INTO Hoadonchitiet  VALUES (85,52,15)
INSERT INTO Hoadonchitiet  VALUES (95,70,8)
INSERT INTO Hoadonchitiet  VALUES (19,20,229)
INSERT INTO Hoadonchitiet  VALUES (60,15,397)
INSERT INTO Hoadonchitiet  VALUES (37,23,354)
INSERT INTO Hoadonchitiet  VALUES (39,54,222)
INSERT INTO Hoadonchitiet  VALUES (29,53,423)
INSERT INTO Hoadonchitiet  VALUES (69,39,349)
INSERT INTO Hoadonchitiet  VALUES (77,43,462)
INSERT INTO Hoadonchitiet  VALUES (57,55,466)
INSERT INTO Hoadonchitiet  VALUES (92,22,118)
INSERT INTO Hoadonchitiet  VALUES (10,86,34)
INSERT INTO Hoadonchitiet  VALUES (90,94,137)
INSERT INTO Hoadonchitiet  VALUES (49,46,374)
INSERT INTO Hoadonchitiet  VALUES (89,50,250)
INSERT INTO Hoadonchitiet  VALUES (67,32,85)
INSERT INTO Hoadonchitiet  VALUES (26,72,403)
INSERT INTO Hoadonchitiet  VALUES (98,84,362)
INSERT INTO Hoadonchitiet  VALUES (21,33,156)
INSERT INTO Hoadonchitiet  VALUES (76,31,279)
INSERT INTO Hoadonchitiet  VALUES (56,83,314)
INSERT INTO Hoadonchitiet  VALUES (8,55,276)
INSERT INTO Hoadonchitiet  VALUES (85,95,119)
INSERT INTO Hoadonchitiet  VALUES (6,13,413)
INSERT INTO Hoadonchitiet  VALUES (99,27,433)
INSERT INTO Hoadonchitiet  VALUES (38,89,298)
INSERT INTO Hoadonchitiet  VALUES (65,22,14)
INSERT INTO Hoadonchitiet  VALUES (84,60,416)
INSERT INTO Hoadonchitiet  VALUES (56,28,369)
INSERT INTO Hoadonchitiet  VALUES (40,50,431)
INSERT INTO Hoadonchitiet  VALUES (89,61,49)
INSERT INTO Hoadonchitiet  VALUES (83,25,184)
INSERT INTO Hoadonchitiet  VALUES (28,16,419)
INSERT INTO Hoadonchitiet  VALUES (35,72,72)
INSERT INTO Hoadonchitiet  VALUES (14,28,59)
INSERT INTO Hoadonchitiet  VALUES (48,81,337)
INSERT INTO Hoadonchitiet  VALUES (53,56,223)
INSERT INTO Hoadonchitiet  VALUES (53,82,430)
INSERT INTO Hoadonchitiet  VALUES (58,4,261)
INSERT INTO Hoadonchitiet  VALUES (54,67,388)
INSERT INTO Hoadonchitiet  VALUES (24,90,23)
INSERT INTO Hoadonchitiet  VALUES (52,42,271)
INSERT INTO Hoadonchitiet  VALUES (93,65,194)
INSERT INTO Hoadonchitiet  VALUES (16,7,258)
INSERT INTO Hoadonchitiet  VALUES (74,97,437)
INSERT INTO Hoadonchitiet  VALUES (78,63,195)
INSERT INTO Hoadonchitiet  VALUES (57,30,40)
INSERT INTO Hoadonchitiet  VALUES (29,32,415)
INSERT INTO Hoadonchitiet  VALUES (95,96,258)
INSERT INTO Hoadonchitiet  VALUES (21,35,61)
INSERT INTO Hoadonchitiet  VALUES (92,80,214)
INSERT INTO Hoadonchitiet  VALUES (27,9,2)
INSERT INTO Hoadonchitiet  VALUES (82,3,344)
INSERT INTO Hoadonchitiet  VALUES (86,18,473)
INSERT INTO Hoadonchitiet  VALUES (75,33,469)
INSERT INTO Hoadonchitiet  VALUES (70,75,22)
INSERT INTO Hoadonchitiet  VALUES (96,100,437)
INSERT INTO Hoadonchitiet  VALUES (69,26,150)
INSERT INTO Hoadonchitiet  VALUES (3,19,282)
INSERT INTO Hoadonchitiet  VALUES (80,61,254)
INSERT INTO Hoadonchitiet  VALUES (3,18,176)
INSERT INTO Hoadonchitiet  VALUES (53,22,73)
INSERT INTO Hoadonchitiet  VALUES (39,79,474)
INSERT INTO Hoadonchitiet  VALUES (72,4,62)
INSERT INTO Hoadonchitiet  VALUES (29,64,384)
INSERT INTO Hoadonchitiet  VALUES (73,8,381)
INSERT INTO Hoadonchitiet  VALUES (22,44,333)
INSERT INTO Hoadonchitiet  VALUES (82,56,104)
INSERT INTO Hoadonchitiet  VALUES (26,19,390)
INSERT INTO Hoadonchitiet  VALUES (37,8,312)
INSERT INTO Hoadonchitiet  VALUES (45,22,469)
INSERT INTO Hoadonchitiet  VALUES (45,69,259)
INSERT INTO Hoadonchitiet  VALUES (95,39,384)
INSERT INTO Hoadonchitiet  VALUES (60,69,138)
INSERT INTO Hoadonchitiet  VALUES (87,29,84)
INSERT INTO Hoadonchitiet  VALUES (4,98,323)
INSERT INTO Hoadonchitiet  VALUES (94,51,343)
INSERT INTO Hoadonchitiet  VALUES (76,49,179)
INSERT INTO Hoadonchitiet  VALUES (72,3,386)
INSERT INTO Hoadonchitiet  VALUES (88,54,447)
INSERT INTO Hoadonchitiet  VALUES (78,91,26)
INSERT INTO Hoadonchitiet  VALUES (33,45,472)
INSERT INTO Hoadonchitiet  VALUES (83,96,207)
INSERT INTO Hoadonchitiet  VALUES (76,32,191)
INSERT INTO Hoadonchitiet  VALUES (24,68,82)
INSERT INTO Hoadonchitiet  VALUES (81,47,214)
INSERT INTO Hoadonchitiet  VALUES (100,46,24)
INSERT INTO Hoadonchitiet  VALUES (65,39,331)
INSERT INTO Hoadonchitiet  VALUES (95,31,154)
INSERT INTO Hoadonchitiet  VALUES (29,80,404)
INSERT INTO Hoadonchitiet  VALUES (56,8,457)
INSERT INTO Hoadonchitiet  VALUES (60,67,283)
INSERT INTO Hoadonchitiet  VALUES (24,98,231)
INSERT INTO Hoadonchitiet  VALUES (57,100,306)
INSERT INTO Hoadonchitiet  VALUES (95,28,178)
INSERT INTO Hoadonchitiet  VALUES (69,82,32)
INSERT INTO Hoadonchitiet  VALUES (64,31,241)
INSERT INTO Hoadonchitiet  VALUES (96,86,341)
INSERT INTO Hoadonchitiet  VALUES (39,86,421)
INSERT INTO Hoadonchitiet  VALUES (46,1,303)
INSERT INTO Hoadonchitiet  VALUES (15,10,8)
INSERT INTO Hoadonchitiet  VALUES (69,37,276)
INSERT INTO Hoadonchitiet  VALUES (52,15,47)
INSERT INTO Hoadonchitiet  VALUES (33,86,18)
INSERT INTO Hoadonchitiet  VALUES (4,32,132)
INSERT INTO Hoadonchitiet  VALUES (29,88,57)
INSERT INTO Hoadonchitiet  VALUES (88,36,419)
INSERT INTO Hoadonchitiet  VALUES (60,45,223)
INSERT INTO Hoadonchitiet  VALUES (97,53,77)
INSERT INTO Hoadonchitiet  VALUES (11,17,2)
INSERT INTO Hoadonchitiet  VALUES (57,37,312)
INSERT INTO Hoadonchitiet  VALUES (19,97,198)
INSERT INTO Hoadonchitiet  VALUES (64,81,455)
INSERT INTO Hoadonchitiet  VALUES (67,39,138)
INSERT INTO Hoadonchitiet  VALUES (5,51,180)
INSERT INTO Hoadonchitiet  VALUES (42,63,168)
INSERT INTO Hoadonchitiet  VALUES (34,99,91)
INSERT INTO Hoadonchitiet  VALUES (92,24,295)
INSERT INTO Hoadonchitiet  VALUES (19,75,70)
INSERT INTO Hoadonchitiet  VALUES (6,81,54)
INSERT INTO Hoadonchitiet  VALUES (83,78,362)
INSERT INTO Hoadonchitiet  VALUES (89,17,103)
INSERT INTO Hoadonchitiet  VALUES (20,91,305)
INSERT INTO Hoadonchitiet  VALUES (14,2,277)
INSERT INTO Hoadonchitiet  VALUES (79,2,326)
INSERT INTO Hoadonchitiet  VALUES (53,51,378)
INSERT INTO Hoadonchitiet  VALUES (18,96,168)
INSERT INTO Hoadonchitiet  VALUES (95,21,301)
INSERT INTO Hoadonchitiet  VALUES (87,41,231)
INSERT INTO Hoadonchitiet  VALUES (7,69,232)
INSERT INTO Hoadonchitiet  VALUES (6,36,113)
INSERT INTO Hoadonchitiet  VALUES (72,7,169)
INSERT INTO Hoadonchitiet  VALUES (76,15,1)
INSERT INTO Hoadonchitiet  VALUES (65,38,369)
INSERT INTO Hoadonchitiet  VALUES (68,5,72)
INSERT INTO Hoadonchitiet  VALUES (65,28,414)
INSERT INTO Hoadonchitiet  VALUES (17,72,151)
INSERT INTO Hoadonchitiet  VALUES (85,20,218)
INSERT INTO Hoadonchitiet  VALUES (72,15,191)
INSERT INTO Hoadonchitiet  VALUES (1,58,311)
INSERT INTO Hoadonchitiet  VALUES (36,92,464)
INSERT INTO Hoadonchitiet  VALUES (49,73,82)
INSERT INTO Hoadonchitiet  VALUES (45,3,440)
INSERT INTO Hoadonchitiet  VALUES (17,26,152)
INSERT INTO Hoadonchitiet  VALUES (81,7,303)
INSERT INTO Hoadonchitiet  VALUES (71,13,189)
INSERT INTO Hoadonchitiet  VALUES (53,37,290)
INSERT INTO Hoadonchitiet  VALUES (89,20,366)
INSERT INTO Hoadonchitiet  VALUES (2,54,121)
INSERT INTO Hoadonchitiet  VALUES (70,35,389)
INSERT INTO Hoadonchitiet  VALUES (63,54,27)
INSERT INTO Hoadonchitiet  VALUES (70,54,345)
INSERT INTO Hoadonchitiet  VALUES (6,40,431)
INSERT INTO Hoadonchitiet  VALUES (60,45,78)
INSERT INTO Hoadonchitiet  VALUES (33,81,129)
INSERT INTO Hoadonchitiet  VALUES (55,41,189)
INSERT INTO Hoadonchitiet  VALUES (3,56,461)
INSERT INTO Hoadonchitiet  VALUES (87,67,315)
INSERT INTO Hoadonchitiet  VALUES (81,66,167)
INSERT INTO Hoadonchitiet  VALUES (70,84,14)
INSERT INTO Hoadonchitiet  VALUES (81,38,22)
INSERT INTO Hoadonchitiet  VALUES (46,68,21)
INSERT INTO Hoadonchitiet  VALUES (52,46,305)
INSERT INTO Hoadonchitiet  VALUES (78,64,9)
INSERT INTO Hoadonchitiet  VALUES (98,1,94)
INSERT INTO Hoadonchitiet  VALUES (67,36,93)
INSERT INTO Hoadonchitiet  VALUES (7,69,299)
INSERT INTO Hoadonchitiet  VALUES (98,26,327)
INSERT INTO Hoadonchitiet  VALUES (98,50,302)
INSERT INTO Hoadonchitiet  VALUES (51,83,113)
INSERT INTO Hoadonchitiet  VALUES (13,67,57)
INSERT INTO Hoadonchitiet  VALUES (16,24,99)
INSERT INTO Hoadonchitiet  VALUES (89,9,359)
INSERT INTO Hoadonchitiet  VALUES (70,91,241)
INSERT INTO Hoadonchitiet  VALUES (27,14,95)
INSERT INTO Hoadonchitiet  VALUES (93,21,394)
INSERT INTO Hoadonchitiet  VALUES (40,59,477)
INSERT INTO Hoadonchitiet  VALUES (99,18,354)
INSERT INTO Hoadonchitiet  VALUES (65,90,460)
INSERT INTO Hoadonchitiet  VALUES (94,100,396)
INSERT INTO Hoadonchitiet  VALUES (46,14,11)
INSERT INTO Hoadonchitiet  VALUES (23,77,444)
INSERT INTO Hoadonchitiet  VALUES (5,90,357)
INSERT INTO Hoadonchitiet  VALUES (7,61,199)
INSERT INTO Hoadonchitiet  VALUES (22,13,135)
INSERT INTO Hoadonchitiet  VALUES (20,79,336)
INSERT INTO Hoadonchitiet  VALUES (20,35,344)
INSERT INTO Hoadonchitiet  VALUES (89,51,248)
INSERT INTO Hoadonchitiet  VALUES (79,27,345)
INSERT INTO Hoadonchitiet  VALUES (25,41,295)
INSERT INTO Hoadonchitiet  VALUES (75,58,341)
INSERT INTO Hoadonchitiet  VALUES (77,4,287)
INSERT INTO Hoadonchitiet  VALUES (80,61,331)
INSERT INTO Hoadonchitiet  VALUES (4,51,345)
INSERT INTO Hoadonchitiet  VALUES (72,79,178)
INSERT INTO Hoadonchitiet  VALUES (76,58,393)
INSERT INTO Hoadonchitiet  VALUES (80,74,108)
INSERT INTO Hoadonchitiet  VALUES (54,93,176)
INSERT INTO Hoadonchitiet  VALUES (71,92,322)
INSERT INTO Hoadonchitiet  VALUES (42,82,187)
INSERT INTO Hoadonchitiet  VALUES (27,16,180)
INSERT INTO Hoadonchitiet  VALUES (74,63,329)
INSERT INTO Hoadonchitiet  VALUES (23,80,199)
INSERT INTO Hoadonchitiet  VALUES (74,45,94)
INSERT INTO Hoadonchitiet  VALUES (7,10,452)
INSERT INTO Hoadonchitiet  VALUES (17,63,283)
INSERT INTO Hoadonchitiet  VALUES (46,16,138)
INSERT INTO Hoadonchitiet  VALUES (65,30,416)
INSERT INTO Hoadonchitiet  VALUES (42,75,432)
INSERT INTO Hoadonchitiet  VALUES (54,36,390)
INSERT INTO Hoadonchitiet  VALUES (38,21,107)
INSERT INTO Hoadonchitiet  VALUES (27,100,195)
INSERT INTO Hoadonchitiet  VALUES (91,23,104)
INSERT INTO Hoadonchitiet  VALUES (61,23,157)
INSERT INTO Hoadonchitiet  VALUES (43,21,60)
INSERT INTO Hoadonchitiet  VALUES (82,57,100)
INSERT INTO Hoadonchitiet  VALUES (47,50,155)
INSERT INTO Hoadonchitiet  VALUES (75,23,359)
INSERT INTO Hoadonchitiet  VALUES (93,21,373)
INSERT INTO Hoadonchitiet  VALUES (70,48,299)
INSERT INTO Hoadonchitiet  VALUES (6,80,444)
INSERT INTO Hoadonchitiet  VALUES (96,25,375)
INSERT INTO Hoadonchitiet  VALUES (23,50,223)
INSERT INTO Hoadonchitiet  VALUES (27,45,357)
INSERT INTO Hoadonchitiet  VALUES (9,33,476)
INSERT INTO Hoadonchitiet  VALUES (34,15,326)
INSERT INTO Hoadonchitiet  VALUES (92,57,48)
INSERT INTO Hoadonchitiet  VALUES (68,53,185)
INSERT INTO Hoadonchitiet  VALUES (85,44,265)
INSERT INTO Hoadonchitiet  VALUES (9,69,138)
INSERT INTO Hoadonchitiet  VALUES (97,89,54)
INSERT INTO Hoadonchitiet  VALUES (17,25,184)
INSERT INTO Hoadonchitiet  VALUES (68,76,386)
INSERT INTO Hoadonchitiet  VALUES (51,19,193)
INSERT INTO Hoadonchitiet  VALUES (22,95,292)
INSERT INTO Hoadonchitiet  VALUES (60,32,40)
INSERT INTO Hoadonchitiet  VALUES (82,34,228)
INSERT INTO Hoadonchitiet  VALUES (9,42,280)
INSERT INTO Hoadonchitiet  VALUES (82,61,303)
INSERT INTO Hoadonchitiet  VALUES (60,99,150)
INSERT INTO Hoadonchitiet  VALUES (10,34,221)
INSERT INTO Hoadonchitiet  VALUES (63,11,225)
INSERT INTO Hoadonchitiet  VALUES (4,57,34)
INSERT INTO Hoadonchitiet  VALUES (52,7,336)
INSERT INTO Hoadonchitiet  VALUES (85,62,280)
INSERT INTO Hoadonchitiet  VALUES (6,4,461)
INSERT INTO Hoadonchitiet  VALUES (66,26,166)
INSERT INTO Hoadonchitiet  VALUES (23,10,472)
INSERT INTO Hoadonchitiet  VALUES (71,30,232)
INSERT INTO Hoadonchitiet  VALUES (19,66,370)
INSERT INTO Hoadonchitiet  VALUES (70,27,432)
INSERT INTO Hoadonchitiet  VALUES (99,26,59)
INSERT INTO Hoadonchitiet  VALUES (83,54,475)
INSERT INTO Hoadonchitiet  VALUES (25,86,68)
INSERT INTO Hoadonchitiet  VALUES (41,44,408)
INSERT INTO Hoadonchitiet  VALUES (16,94,2)
INSERT INTO Hoadonchitiet  VALUES (23,6,251)
INSERT INTO Hoadonchitiet  VALUES (61,44,376)
INSERT INTO Hoadonchitiet  VALUES (70,32,330)
INSERT INTO Hoadonchitiet  VALUES (15,69,95)
INSERT INTO Hoadonchitiet  VALUES (2,19,138)
