use master
go
IF  EXISTS (SELECT * FROM SYSdatabases  WHERE name = N'demo_QLSACH')				
	Drop Database demo_QLSACH				
	Go				
create database demo_QLSACH
go
use demo_QLSACH
go
--	Loai_sach				
	IF  EXISTS (SELECT * FROM SYSOBJECTS  WHERE name = N'Loai_sach')				
	Drop table Loai_sach				
	Go				
	Create table Loai_sach				
	(				
	Ma_loai	nvarchar(10)	not null,		
	Mo_ta	nvarchar(max)	null,		
					
					
	CONSTRAINT PK_Ma_loai PRIMARY KEY(Ma_loai)				
	)				
--	Vi_tri				
	IF  EXISTS (SELECT * FROM SYSOBJECTS  WHERE name = N'Vi_tri')				
	Drop table Vi_tri				
	Go				
	Create table Vi_tri				
	(				
	Ma_VT	nvarchar(10)	not null,		
	Mo_ta	nvarchar(50)	null,		
	Ghi_chu	nvarchar(max)	null,		
					
	CONSTRAINT PK_Ma_VT PRIMARY KEY(Ma_VT)				
	)				
--	Nha_xuat_ban				
	IF  EXISTS (SELECT * FROM SYSOBJECTS  WHERE name = N'Nha_xuat_ban')				
	Drop table Nha_xuat_ban				
	Go				
	Create table Nha_xuat_ban				
	(				
	Ma_NXB	nvarchar(10)	not null,		
	Ten_NXB	nvarchar(50)	null,		
	Dia_chi	nvarchar(max)	null,		
					
	CONSTRAINT PK_Ma_NXB PRIMARY KEY(Ma_NXB)				
	)				
--	Tac_gia				
	IF  EXISTS (SELECT * FROM SYSOBJECTS  WHERE name = N'Tac_gia')				
	Drop table Tac_gia				
	Go				
	Create table Tac_gia				
	(				
	Ma_tac_gia	nvarchar(10)	not null,		
	Ten_tac_gia	nvarchar(50)	null,		
					
					
	CONSTRAINT PK_Ma_tac_gia PRIMARY KEY(Ma_tac_gia)				
	)				
----	Sach
	IF  EXISTS (SELECT * FROM SYSOBJECTS  WHERE name = N'Sach')				
	Drop table Sach				
	Go				
	Create table Sach				
	(				
	Ma_sach	nvarchar(10)	not null,		
	Tieu_de	nvarchar(max)	null,		
	Ma_NXB	nvarchar(10)	not null,		
	Ma_tac_gia	nvarchar(10)	not null,		
	Ma_VT	nvarchar(10)	not null,		
	Ma_loai	nvarchar(10)	not null,		
	So_trang	int	null,		
	So_luong_sach_con_trong_kho	int	null,		
	Gia_tien	int	null,		
	Ngay_nhap_kho	datetime	null,		
	CONSTRAINT PK_Ma_sach PRIMARY KEY(Ma_sach)	,			
	CONSTRAINT FK_Sach_Nha_xuat_ban FOREIGN KEY(Ma_NXB) REFERENCES Nha_xuat_ban(Ma_NXB)	,			
	CONSTRAINT FK_Sach_Tac_gia FOREIGN KEY(Ma_tac_gia) REFERENCES Tac_gia(Ma_tac_gia)	,			
	CONSTRAINT FK_Sach_Vi_tri FOREIGN KEY(Ma_VT) REFERENCES Vi_tri(Ma_VT)	,			
	CONSTRAINT FK_Sach_Loai_sach FOREIGN KEY(Ma_loai) REFERENCES Loai_sach(Ma_loai)	,			
	CONSTRAINT CK_So_trang Check ((So_trang>=5))	,			
	CONSTRAINT CK_So_luong_sach_con_trong_kho Check ((So_luong_sach_con_trong_kho>=1))	,			
	CONSTRAINT CK_Gia_tien Check ((Gia_tien>=0))	,			
	CONSTRAINT CK_Ngay_nhap_kho Check ((Ngay_nhap_kho<=getdate()))				
	)	
--Loại sách
INSERT INTO Loai_sach  VALUES (N'PT',N'Phổ thông')
INSERT INTO Loai_sach  VALUES (N'GT',N'Giáo trình')
INSERT INTO Loai_sach  VALUES (N'HT',N'Học Tập')
INSERT INTO Loai_sach  VALUES (N'TK',N'Tham khảo')
INSERT INTO Loai_sach  VALUES (N'BT',N'Bổ trợ')
INSERT INTO Loai_sach  VALUES (N'GTr',N'Giải trí')
INSERT INTO Loai_sach  VALUES (N'IT',N'Công Nghệ THông Tin')
INSERT INTO Loai_sach  VALUES (N'DH',N'Đồ Họa')
INSERT INTO Loai_sach  VALUES (N'LT',N'Lập Trình')
INSERT INTO Loai_sach  VALUES (N'KS',N'Khách sạn du lịch')
INSERT INTO Loai_sach  VALUES (N'KT',N'kinh tế')
INSERT INTO Loai_sach  VALUES (N'NN',N'ngoại ngữ')
-- Vị trí
INSERT INTO Vi_tri VALUES (N'A1',N'Dãy A Tầng 1',N'')
INSERT INTO Vi_tri VALUES (N'A2',N'Dãy A Tầng 2',N'')
INSERT INTO Vi_tri VALUES (N'A3',N'Dãy A Tầng 3',N'')
INSERT INTO Vi_tri VALUES (N'B1',N'Dãy B Tầng 1',N'')
INSERT INTO Vi_tri VALUES (N'B2',N'Dãy B Tầng 2',N'')
INSERT INTO Vi_tri VALUES (N'B3',N'Dãy B Tầng 3',N'')
INSERT INTO Vi_tri VALUES (N'C1',N'Dãy C Tầng 1',N'')
INSERT INTO Vi_tri VALUES (N'C2',N'Dãy C Tầng 2',N'')
INSERT INTO Vi_tri VALUES (N'C3',N'Dãy C Tầng 3',N'')
INSERT INTO Vi_tri VALUES (N'D1',N'Dãy D Tầng 1',N'')
INSERT INTO Vi_tri VALUES (N'D2',N'Dãy D Tầng 2',N'')
INSERT INTO Vi_tri VALUES (N'D3',N'Dãy D Tầng 3',N'')
INSERT INTO Vi_tri VALUES (N'E1',N'Dãy E Tầng 1',N'')
INSERT INTO Vi_tri VALUES (N'E2',N'Dãy E Tầng 2',N'')
INSERT INTO Vi_tri VALUES (N'E3',N'Dãy E Tầng 3',N'')
INSERT INTO Vi_tri VALUES (N'F1',N'Dãy F Tầng 1',N'')
INSERT INTO Vi_tri VALUES (N'F2',N'Dãy F Tầng 2',N'')
INSERT INTO Vi_tri VALUES (N'F3',N'Dãy F Tầng 3',N'')
INSERT INTO Vi_tri VALUES (N'G1',N'Dãy G Tầng 1',N'')
INSERT INTO Vi_tri VALUES (N'G2',N'Dãy G Tầng 2',N'')
INSERT INTO Vi_tri VALUES (N'G3',N'Dãy G Tầng 3',N'')

--Nhà Xuất bản
INSERT INTO Nha_xuat_ban VALUES (N'VH',N'Văn Hóa',N'')
INSERT INTO Nha_xuat_ban VALUES (N'VN',N'Văn NGhệ',N'')
INSERT INTO Nha_xuat_ban VALUES (N'TT',N'Thông tin truyền thông',N'')
INSERT INTO Nha_xuat_ban VALUES (N'LD',N'Lao động',N'')
INSERT INTO Nha_xuat_ban VALUES (N'CT',N'Công thương',N'')
INSERT INTO Nha_xuat_ban VALUES (N'TN',N'Thanh niên',N'')
INSERT INTO Nha_xuat_ban VALUES (N'TH',N'Tổng hợp TP.HCM',N'')
INSERT INTO Nha_xuat_ban VALUES (N'TTr',N'Tuổi trẻ',N'')
INSERT INTO Nha_xuat_ban VALUES (N'PN',N'Phụ nữ',N'')
INSERT INTO Nha_xuat_ban VALUES (N'TTh',N'Tri thức',N'')
INSERT INTO Nha_xuat_ban VALUES (N'TG',N'Thế giới',N'')
INSERT INTO Nha_xuat_ban VALUES (N'KD',N'Kim Đồng',N'')
INSERT INTO Nha_xuat_ban VALUES (N'HD',N'Hồng Đức',N'')
-- Tác Giả
INSERT INTO Tac_gia  VALUES (N'TG001',N' Benjamin Zander')
INSERT INTO Tac_gia  VALUES (N'TG002',N' Bennie Bough')
INSERT INTO Tac_gia  VALUES (N'TG003',N' Carol Kline')
INSERT INTO Tac_gia  VALUES (N'TG004',N' Daniel Shpiro')
INSERT INTO Tac_gia  VALUES (N'TG005',N' David Heinemeier Hansson')
INSERT INTO Tac_gia  VALUES (N'TG006',N' Diane V. Cirinclone')
INSERT INTO Tac_gia  VALUES (N'TG007',N' Fernando Trias De Bes')
INSERT INTO Tac_gia  VALUES (N'TG008',N' Gale Muller')
INSERT INTO Tac_gia  VALUES (N'TG009',N' Greg Hicks')
INSERT INTO Tac_gia  VALUES (N'TG010',N' Hạ Dịch Ân')
INSERT INTO Tac_gia  VALUES (N'TG011',N' Harvey McKinnon')
INSERT INTO Tac_gia  VALUES (N'TG012',N' Hoàng Minh dịch')
INSERT INTO Tac_gia  VALUES (N'TG013',N' Jasminka Petrovic')
INSERT INTO Tac_gia  VALUES (N'TG014',N' Jim Harter')
INSERT INTO Tac_gia  VALUES (N'TG015',N' Kent Healy')
INSERT INTO Tac_gia  VALUES (N'TG016',N' Linda Francis')
INSERT INTO Tac_gia  VALUES (N'TG017',N' Lothar J. Seiwert')
INSERT INTO Tac_gia  VALUES (N'TG018',N' Mark Victor Hansen')
INSERT INTO Tac_gia  VALUES (N'TG019',N' Nguyễn Duy Cần')
INSERT INTO Tac_gia  VALUES (N'TG020',N' Paustovsky')
INSERT INTO Tac_gia  VALUES (N'TG021',N' Phùng Chấn Dực')
INSERT INTO Tac_gia  VALUES (N'TG022',N' S. Truett Cathy')
INSERT INTO Tac_gia  VALUES (N'TG023',N' Steve Rivkin')
INSERT INTO Tac_gia  VALUES (N'TG024',N' Trương Thị Lan Anh')
INSERT INTO Tac_gia  VALUES (N'TG025',N' Ubee Hoàng')
INSERT INTO Tac_gia  VALUES (N'TG026',N' Werner Tiki Kustenmacher')
INSERT INTO Tac_gia  VALUES (N'TG027',N' Wilhelm Grimm')
INSERT INTO Tac_gia  VALUES (N'TG028',N'Ajahn Brahm')
INSERT INTO Tac_gia  VALUES (N'TG029',N'Alex Rovira')
INSERT INTO Tac_gia  VALUES (N'TG030',N'Alexander Grin')
INSERT INTO Tac_gia  VALUES (N'TG031',N'Alexandre Dumas')
INSERT INTO Tac_gia  VALUES (N'TG032',N'Anh Đức')
INSERT INTO Tac_gia  VALUES (N'TG033',N'Azim Jamal')
INSERT INTO Tac_gia  VALUES (N'TG034',N'Ben Renshaw')
INSERT INTO Tac_gia  VALUES (N'TG035',N'Boris Pasternak')
INSERT INTO Tac_gia  VALUES (N'TG036',N'Carol Kinsey Goman')
INSERT INTO Tac_gia  VALUES (N'TG037',N'Cecelia Ahern')
INSERT INTO Tac_gia  VALUES (N'TG038',N'Charles Dickens')
INSERT INTO Tac_gia  VALUES (N'TG039',N'Dale Carnegie')
INSERT INTO Tac_gia  VALUES (N'TG040',N'Đặng Huỳnh Mai Anh')
INSERT INTO Tac_gia  VALUES (N'TG041',N'Daniel Defoe')
INSERT INTO Tac_gia  VALUES (N'TG042',N'Daniel Gottlieb')
INSERT INTO Tac_gia  VALUES (N'TG043',N'David Niven')
INSERT INTO Tac_gia  VALUES (N'TG044',N'Dick Lyles')
INSERT INTO Tac_gia  VALUES (N'TG045',N'Đoàn Giỏi')
INSERT INTO Tac_gia  VALUES (N'TG046',N'Dobrosav Bob Zivkovic')
INSERT INTO Tac_gia  VALUES (N'TG047',N'Donna M. Genett')
INSERT INTO Tac_gia  VALUES (N'TG048',N'Edward M. Hallowell')
INSERT INTO Tac_gia  VALUES (N'TG049',N'Ernest Hemingway')
INSERT INTO Tac_gia  VALUES (N'TG050',N'Ernie Carwile')
INSERT INTO Tac_gia  VALUES (N'TG051',N'Ethell Voynich')
INSERT INTO Tac_gia  VALUES (N'TG052',N'Francis Xavier')
INSERT INTO Tac_gia  VALUES (N'TG053',N'Gavrill Troyepolsky')
INSERT INTO Tac_gia  VALUES (N'TG054',N'Hans Christian Andersen')
INSERT INTO Tac_gia  VALUES (N'TG055',N'Harriet Beecher Xtouse')
INSERT INTO Tac_gia  VALUES (N'TG056',N'Hector Malot')
INSERT INTO Tac_gia  VALUES (N'TG057',N'Henryk Sienkiewicz')
INSERT INTO Tac_gia  VALUES (N'TG058',N'Huỳnh Ngọc Phiên')
INSERT INTO Tac_gia  VALUES (N'TG059',N'Irena Tiodorovic')
INSERT INTO Tac_gia  VALUES (N'TG060',N'Jack Canfiel')
INSERT INTO Tac_gia  VALUES (N'TG061',N'Jack Canfield')
INSERT INTO Tac_gia  VALUES (N'TG062',N'Jack Canifield')
INSERT INTO Tac_gia  VALUES (N'TG063',N'Jack London')
INSERT INTO Tac_gia  VALUES (N'TG064',N'Jacob')
INSERT INTO Tac_gia  VALUES (N'TG065',N'Jason F. Wright')
INSERT INTO Tac_gia  VALUES (N'TG066',N'Jim Rohn')
INSERT INTO Tac_gia  VALUES (N'TG067',N'Jon Gordon')
INSERT INTO Tac_gia  VALUES (N'TG068',N'Jonathan Hancock')
INSERT INTO Tac_gia  VALUES (N'TG069',N'Jonathan Swift')
INSERT INTO Tac_gia  VALUES (N'TG070',N'Jules Verne')
INSERT INTO Tac_gia  VALUES (N'TG071',N'Karen Burns')
INSERT INTO Tac_gia  VALUES (N'TG072',N'Keith D. Harrell')
INSERT INTO Tac_gia  VALUES (N'TG073',N'Ken Balnchard')
INSERT INTO Tac_gia  VALUES (N'TG074',N'Kim Lân')
INSERT INTO Tac_gia  VALUES (N'TG075',N'Konstantin Georgiyevich')
INSERT INTO Tac_gia  VALUES (N'TG076',N'Leo Buscaglia')
INSERT INTO Tac_gia  VALUES (N'TG077',N'Lí Kiện Lâm')
INSERT INTO Tac_gia  VALUES (N'TG078',N'Lottie Stride')
INSERT INTO Tac_gia  VALUES (N'TG079',N'Louise L. Hay')
INSERT INTO Tac_gia  VALUES (N'TG080',N'Lưu Chí Văn')
INSERT INTO Tac_gia  VALUES (N'TG081',N'Madisyn Taylor')
INSERT INTO Tac_gia  VALUES (N'TG082',N'Marion Kustenmacher')
INSERT INTO Tac_gia  VALUES (N'TG083',N'Mark Twain')
INSERT INTO Tac_gia  VALUES (N'TG084',N'Martin Oliver')
INSERT INTO Tac_gia  VALUES (N'TG085',N'Maxim Gorky')
INSERT INTO Tac_gia  VALUES (N'TG086',N'Mikhail Samarsky')
INSERT INTO Tac_gia  VALUES (N'TG087',N'Nam Cao ')
INSERT INTO Tac_gia  VALUES (N'TG088',N'Napoleon Hills')
INSERT INTO Tac_gia  VALUES (N'TG089',N'Nguyễn Công Hoan')
INSERT INTO Tac_gia  VALUES (N'TG090',N'Nguyên Hồng')
INSERT INTO Tac_gia  VALUES (N'TG091',N'Nguyễn Mạnh Hùng')
INSERT INTO Tac_gia  VALUES (N'TG092',N'Nhiều tác giả')
INSERT INTO Tac_gia  VALUES (N'TG093',N'Nick Vujicic')
INSERT INTO Tac_gia  VALUES (N'TG094',N'Nikolai A. Ostrovsky')
INSERT INTO Tac_gia  VALUES (N'TG095',N'Palama Oslie')
INSERT INTO Tac_gia  VALUES (N'TG096',N'Paul G. Stoltz')
INSERT INTO Tac_gia  VALUES (N'TG097',N'Paulo Coelho')
INSERT INTO Tac_gia  VALUES (N'TG098',N'Phùng Quán')
INSERT INTO Tac_gia  VALUES (N'TG099',N'Richard Bode')
INSERT INTO Tac_gia  VALUES (N'TG100',N'Robert Louis Stevenson')
INSERT INTO Tac_gia  VALUES (N'TG101',N'Robin S. Sharma')
INSERT INTO Tac_gia  VALUES (N'TG102',N'Rosalind Miles')
INSERT INTO Tac_gia  VALUES (N'TG103',N'Sean Covey ')
INSERT INTO Tac_gia  VALUES (N'TG104',N'Thạch Lam')
INSERT INTO Tac_gia  VALUES (N'TG105',N'Tôn Thất Lan tuyển chọn và biên dịch')
INSERT INTO Tac_gia  VALUES (N'TG106',N'Tony Buổi sáng')
INSERT INTO Tac_gia  VALUES (N'TG107',N'Tony Buzan')
INSERT INTO Tac_gia  VALUES (N'TG108',N'Trương Tú Anh')
INSERT INTO Tac_gia  VALUES (N'TG109',N'Victor Hugo')
INSERT INTO Tac_gia  VALUES (N'TG110',N'Vũ Trọng Phụng')
INSERT INTO Tac_gia  VALUES (N'TG111',N'Vương Long biên dịch')
INSERT INTO Tac_gia  VALUES (N'TG112',N'Walter Scott')
INSERT INTO Tac_gia  VALUES (N'TG113',N'Werner Tiki Kustenmacher')
INSERT INTO Tac_gia  VALUES (N'TG114',N'Nguyễn Thị Việt Hà')
INSERT INTO Tac_gia  VALUES (N'TG115',N'Anthony Robbins')
INSERT INTO Tac_gia  VALUES (N'TG116',N'Florence Littauer')
INSERT INTO Tac_gia  VALUES (N'TG117',N'Edward De Bono')
INSERT INTO Tac_gia  VALUES (N'TG118',N'Kathy Hirsh - Pasek')
INSERT INTO Tac_gia  VALUES (N'TG119',N'Torey Hayden')
INSERT INTO Tac_gia  VALUES (N'TG120',N'Rick Foster')
INSERT INTO Tac_gia  VALUES (N'TG121',N'Viktor E. Frankl')
INSERT INTO Tac_gia  VALUES (N'TG122',N'Mac Anderson')
INSERT INTO Tac_gia  VALUES (N'TG123',N'A.J. Chevalier')
INSERT INTO Tac_gia  VALUES (N'TG124',N'Giản Tu Trung')
INSERT INTO Tac_gia  VALUES (N'TG125',N'Lê Nguyễn Nhật Linh')
INSERT INTO Tac_gia  VALUES (N'TG126',N'Tương Lâm')
INSERT INTO Tac_gia  VALUES (N'TG127',N'David J. Lieberman')
INSERT INTO Tac_gia  VALUES (N'TG128',N'Nguyễn Quang Thân')
INSERT INTO Tac_gia  VALUES (N'TG129',N'Robert Fulghum')
INSERT INTO Tac_gia  VALUES (N'TG130',N'Mạc Hạo Kiệt')
INSERT INTO Tac_gia  VALUES (N'TG131',N'Jo Condrill')
INSERT INTO Tac_gia  VALUES (N'TG132',N'M.J. Ryan')
INSERT INTO Tac_gia  VALUES (N'TG133',N'Mike George')
INSERT INTO Tac_gia  VALUES (N'TG134',N'Francois Lelord')
INSERT INTO Tac_gia  VALUES (N'TG135',N'Minh Niệm')
INSERT INTO Tac_gia  VALUES (N'TG136',N'Teo Aik Cher')
INSERT INTO Tac_gia  VALUES (N'TG137',N'Trần Hùng John')
INSERT INTO Tac_gia  VALUES (N'TG138',N'John Vu')
INSERT INTO Tac_gia  VALUES (N'TG139',N'Philip Miller')
INSERT INTO Tac_gia  VALUES (N'TG140',N'Rosamund Stone Zander')
INSERT INTO Tac_gia  VALUES (N'TG141',N'Gllian Stokes')
INSERT INTO Tac_gia  VALUES (N'TG142',N'Gary Zukav')
INSERT INTO Tac_gia  VALUES (N'TG143',N'Rich Devos')
INSERT INTO Tac_gia  VALUES (N'TG144',N'Marci Shimoff')
INSERT INTO Tac_gia  VALUES (N'TG145',N'Phạm Vũ Thanh Tùng Bsoan')
INSERT INTO Tac_gia  VALUES (N'TG146',N'Joseph M. Marshall III')
INSERT INTO Tac_gia  VALUES (N'TG147',N'Jason Fride')
INSERT INTO Tac_gia  VALUES (N'TG148',N'Jack Trout')
INSERT INTO Tac_gia  VALUES (N'TG149',N'Fukuzawa Yukichi')
INSERT INTO Tac_gia  VALUES (N'TG150',N'Cao Kiến Hoa')
INSERT INTO Tac_gia  VALUES (N'TG151',N'Lão Mạc')
INSERT INTO Tac_gia  VALUES (N'TG152',N'Đỗ Cao Bảo')
INSERT INTO Tac_gia  VALUES (N'TG153',N'Khangser Rinpoche')
INSERT INTO Tac_gia  VALUES (N'TG154',N'Trish Summerfield')
INSERT INTO Tac_gia  VALUES (N'TG155',N'Lê Hữu Nam')
INSERT INTO Tac_gia  VALUES (N'TG156',N'Thu Giang')
INSERT INTO Tac_gia  VALUES (N'TG157',N'Margaret Pinkerton')
INSERT INTO Tac_gia  VALUES (N'TG158',N'Bryan Robinson')
INSERT INTO Tac_gia  VALUES (N'TG159',N'Girish Patel')
INSERT INTO Tac_gia  VALUES (N'TG160',N'Hiroshi Kamata')
INSERT INTO Tac_gia  VALUES (N'TG161',N'Andy Andrews')
INSERT INTO Tac_gia  VALUES (N'TG162',N'Ken Watanabe')
INSERT INTO Tac_gia  VALUES (N'TG163',N'Rodd Wagner')
INSERT INTO Tac_gia  VALUES (N'TG164',N'Tom Rath')
INSERT INTO Tac_gia  VALUES (N'TG165',N'Diane Tillman')
INSERT INTO Tac_gia  VALUES (N'TG166',N'Phạm Lữ Ân')
INSERT INTO Tac_gia  VALUES (N'TG167',N'Trịnh Tiểu Lan chủ biên')
INSERT INTO Tac_gia  VALUES (N'TG168',N'Trầm Linh biên soạn')
INSERT INTO Tac_gia  VALUES (N'TG169',N'Phạm Ái Minh')
INSERT INTO Tac_gia  VALUES (N'TG170',N'Thu Giang ')
INSERT INTO Tac_gia  VALUES (N'TG171',N'Ken Blanchard')
INSERT INTO Tac_gia  VALUES (N'TG172',N'Spencer Johnson')
INSERT INTO Tac_gia  VALUES (N'TG173',N'Kent Nerburn')
INSERT INTO Tac_gia  VALUES (N'TG174',N'Thanh Thảo')
INSERT INTO Tac_gia  VALUES (N'TG175',N'Trương Oánh')
INSERT INTO Tac_gia  VALUES (N'TG176',N'Virender Kapoor')
INSERT INTO Tac_gia  VALUES (N'TG177',N'Bernie S. Siegel')
INSERT INTO Tac_gia  VALUES (N'TG178',N'Jim Stovall')
INSERT INTO Tac_gia  VALUES (N'TG179',N'Titan Dayton')
INSERT INTO Tac_gia  VALUES (N'TG180',N'Violeta Babic')
INSERT INTO Tac_gia  VALUES (N'TG181',N'Mạc Thụy')
INSERT INTO Tac_gia  VALUES (N'TG182',N'Marc Gellman')
INSERT INTO Tac_gia  VALUES (N'TG183',N'Đặng Huỳnh Mai Anh Bsoan')
INSERT INTO Tac_gia  VALUES (N'TG184',N'Terry Hershey')
INSERT INTO Tac_gia  VALUES (N'TG185',N'Don Gabor')
INSERT INTO Tac_gia  VALUES (N'TG186',N'Eckhart Tolle')
INSERT INTO Tac_gia  VALUES (N'TG187',N'Roger Fisher')
INSERT INTO Tac_gia  VALUES (N'TG188',N'Claude M. Bristol')
INSERT INTO Tac_gia  VALUES (N'TG189',N'Josheph Murphy')
INSERT INTO Tac_gia  VALUES (N'TG190',N'Alan Loy Mcginnis')
INSERT INTO Tac_gia  VALUES (N'TG191',N'Lê Thành Tư')
INSERT INTO Tac_gia  VALUES (N'TG192',N'Thanh Loan dịch')
INSERT INTO Tac_gia  VALUES (N'TG193',N'Hải Hoa')
INSERT INTO Tac_gia  VALUES (N'TG194',N'Edmondo De Amicis')
INSERT INTO Tac_gia  VALUES (N'TG195',N'Bethany Hamilton')
INSERT INTO Tac_gia  VALUES (N'TG196',N'Thích Nhất Hạnh')
INSERT INTO Tac_gia  VALUES (N'TG197',N'Richard Carlson')
INSERT INTO Tac_gia  VALUES (N'TG198',N'J.P. Vaswani')
INSERT INTO Tac_gia  VALUES (N'TG199',N'Jeff Keller')
INSERT INTO Tac_gia  VALUES (N'TG200',N'Brahma Kumaris')
INSERT INTO Tac_gia  VALUES (N'TG201',N'Kimura Kyuichi')
INSERT INTO Tac_gia  VALUES (N'TG202',N'Marcia Grad')
INSERT INTO Tac_gia  VALUES (N'TG203',N'Jan Alcoe')
INSERT INTO Tac_gia  VALUES (N'TG204',N'Creators Wisdom')
INSERT INTO Tac_gia  VALUES (N'TG205',N'Geraldg Jampolsky')
INSERT INTO Tac_gia  VALUES (N'TG206',N'Nguyễn Ngọc Ký')
INSERT INTO Tac_gia  VALUES (N'TG207',N'Anne Morrow Lindbergh')
INSERT INTO Tac_gia  VALUES (N'TG208',N'Shakti Gawain')
INSERT INTO Tac_gia  VALUES (N'TG209',N'Dadi Janki')
INSERT INTO Tac_gia  VALUES (N'TG210',N'Rosie Nguyễn')
INSERT INTO Tac_gia  VALUES (N'TG211',N'Nguyễn Phương Mai')
INSERT INTO Tac_gia  VALUES (N'TG212',N'John C. Maxwell')
INSERT INTO Tac_gia  VALUES (N'TG213',N'Thanh Huyền dịch')
INSERT INTO Tac_gia  VALUES (N'TG214',N'Kim Thục Lệ')
INSERT INTO Tac_gia  VALUES (N'TG215',N'Triệu Văn Minh')
INSERT INTO Tac_gia  VALUES (N'TG216',N'George Matthew Adams')
INSERT INTO Tac_gia  VALUES (N'TG217',N'Shiv Khera')
INSERT INTO Tac_gia  VALUES (N'TG218',N'James C. Humes')
INSERT INTO Tac_gia  VALUES (N'TG219',N'Lí Tuấn Kiệt')
INSERT INTO Tac_gia  VALUES (N'TG220',N'Tịch Tông Long')
INSERT INTO Tac_gia  VALUES (N'TG221',N'Ân Á Mẫn')
INSERT INTO Tac_gia  VALUES (N'TG222',N'Gary Chapman')
INSERT INTO Tac_gia  VALUES (N'TG223',N'Thảo Triều dịch')
-- Sách
INSERT INTO Sach  VALUES (N'MS0001',N'AQ Chỉ số vượt khó',N'HD',N'TG193',N'C2',N'DH',828,27,6000,'6/12/2017')
INSERT INTO Sach  VALUES (N'MS0002',N'Ai hiểu khách hàng người đó bán được hàng',N'PN',N'TG133',N'E3',N'GT',518,90,197000,'10/12/2015')
INSERT INTO Sach  VALUES (N'MS0003',N'Bài học vô giá từ những điều bình dị',N'HD',N'TG104',N'F3',N'LT',87,8,101000,'3/13/2011')
INSERT INTO Sach  VALUES (N'MS0004',N'Bí mật hành trình tình yêu',N'VH',N'TG127',N'B3',N'KT',429,51,113000,'5/30/2010')
INSERT INTO Sach  VALUES (N'MS0005',N'Bí mật ngôn ngữ cơ thể',N'VH',N'TG166',N'B3',N'PT',275,62,141000,'11/18/2015')
INSERT INTO Sach  VALUES (N'MS0006',N'Bí mật tình yêu Tập 1',N'PN',N'TG190',N'E3',N'BT',642,24,138000,'2/18/2014')
INSERT INTO Sach  VALUES (N'MS0007',N'Bí mật tình yêu Tập 2',N'HD',N'TG048',N'E1',N'BT',760,11,146000,'7/24/2013')
INSERT INTO Sach  VALUES (N'MS0008',N'Bí mật may mắn ',N'HD',N'TG034',N'D3',N'TK',526,63,34000,'2/22/2010')
INSERT INTO Sach  VALUES (N'MS0009',N'Bí quyết của thành công Tập 1',N'TT',N'TG060',N'C3',N'PT',680,88,12000,'8/27/2012')
INSERT INTO Sach  VALUES (N'MS0010',N'Bí quyết của thành công Tập 2',N'PN',N'TG158',N'G3',N'KT',168,87,22000,'1/19/2012')
INSERT INTO Sach  VALUES (N'MS0011',N'Bí quyết để có một cuộc sống khỏe mạnh',N'TH',N'TG080',N'C2',N'LT',336,47,168000,'8/17/2014')
INSERT INTO Sach  VALUES (N'MS0012',N'Bí quyết để có một gia đình hạnh phúc',N'TT',N'TG169',N'D2',N'KT',948,39,113000,'9/13/2014')
INSERT INTO Sach  VALUES (N'MS0013',N'Bí quyết để đạt được ước mơ',N'TG',N'TG030',N'F3',N'PT',137,72,157000,'1/18/2017')
INSERT INTO Sach  VALUES (N'MS0014',N'Bí quyết đơn giản hóa cuộc sống',N'HD',N'TG101',N'C2',N'LT',304,50,138000,'11/19/2015')
INSERT INTO Sach  VALUES (N'MS0015',N'Bí quyết đơn giản hóa tình yêu',N'TTh',N'TG003',N'B2',N'NN',679,40,189000,'7/28/2015')
INSERT INTO Sach  VALUES (N'MS0016',N'Bí quyết thành công sinh viên',N'HD',N'TG071',N'E1',N'HT',890,74,51000,'2/16/2016')
INSERT INTO Sach  VALUES (N'MS0017',N'Bí quyết thay đổi cuộc đời',N'LD',N'TG102',N'D2',N'BT',618,6,47000,'8/23/2014')
INSERT INTO Sach  VALUES (N'MS0018',N'Bí quyết của thành công',N'TH',N'TG089',N'B3',N'TK',350,42,46000,'10/22/2013')
INSERT INTO Sach  VALUES (N'MS0019',N'Bí quyết học nhanh nhớ lâu',N'KD',N'TG056',N'G1',N'HT',730,76,46000,'5/4/2013')
INSERT INTO Sach  VALUES (N'MS0020',N'Bí quyết thành công dành cho bạn trẻ',N'PN',N'TG035',N'B1',N'DH',104,94,40000,'7/29/2015')
INSERT INTO Sach  VALUES (N'MS0021',N'Bí quyết học giỏi ở trường',N'VN',N'TG058',N'F2',N'NN',487,40,108000,'5/25/2017')
INSERT INTO Sach  VALUES (N'MS0022',N'Bộ não tí hon cái nôi của thiên tài Tập 1',N'TH',N'TG027',N'B2',N'DH',545,75,21000,'3/11/2016')
INSERT INTO Sach  VALUES (N'MS0023',N'Bộ não tí hon thay đổi thế giới Tập 2',N'TTh',N'TG014',N'A1',N'BT',652,8,154000,'5/14/2013')
INSERT INTO Sach  VALUES (N'MS0024',N'Bí quyết trưởng thành',N'LD',N'TG109',N'C3',N'GT',864,44,6000,'1/16/2017')
INSERT INTO Sach  VALUES (N'MS0025',N'Biển cả và giá trị cuộc sống',N'HD',N'TG215',N'E1',N'NN',304,35,21000,'8/6/2014')
INSERT INTO Sach  VALUES (N'MS0026',N'Biến ước mơ thành hiện thực',N'CT',N'TG058',N'G1',N'BT',118,34,144000,'5/17/2010')
INSERT INTO Sach  VALUES (N'MS0027',N'Blog cho tâm hồn',N'KD',N'TG169',N'E2',N'GT',36,18,199000,'7/13/2014')
INSERT INTO Sach  VALUES (N'MS0028',N'Blog cho tâm hồn Tập 2',N'TN',N'TG157',N'A3',N'PT',879,53,86000,'11/6/2011')
INSERT INTO Sach  VALUES (N'MS0029',N'Blog thành công tuổi teen',N'LD',N'TG056',N'E3',N'TK',201,43,38000,'8/19/2012')
INSERT INTO Sach  VALUES (N'MS0030',N'Bụi phấn -Tuyển chọn những câu chuyện hay nhất ',N'TTr',N'TG079',N'C2',N'PT',23,49,152000,'4/16/2012')
INSERT INTO Sach  VALUES (N'MS0031',N'Buông bỏ buồn buông',N'LD',N'TG067',N'D2',N'DH',213,74,85000,'7/21/2011')
INSERT INTO Sach  VALUES (N'MS0032',N'Bài học từ người quét rác',N'HD',N'TG182',N'C1',N'KS',372,82,147000,'2/7/2011')
INSERT INTO Sach  VALUES (N'MS0033',N'Bốn mùa cuộc sống',N'TN',N'TG204',N'B2',N'GT',380,58,54000,'8/13/2010')
INSERT INTO Sach  VALUES (N'MS0034',N'Cẩm nang bỏ túi cho tình yêu',N'PN',N'TG167',N'B2',N'BT',456,76,115000,'5/19/2017')
INSERT INTO Sach  VALUES (N'MS0035',N'Cám ơn cuộc sống',N'TTh',N'TG017',N'E3',N'NN',21,9,15000,'4/11/2013')
INSERT INTO Sach  VALUES (N'MS0036',N'Cảm xúc cuộc sống từ chiếc xe lăn',N'HD',N'TG050',N'A1',N'HT',46,2,67000,'10/24/2017')
INSERT INTO Sach  VALUES (N'MS0037',N'Cánh cửa hạnh phúc ',N'CT',N'TG207',N'A2',N'IT',539,52,187000,'6/11/2017')
INSERT INTO Sach  VALUES (N'MS0038',N'Chìa khóa tư duy tích cực',N'KD',N'TG035',N'E3',N'BT',632,23,83000,'2/29/2016')
INSERT INTO Sach  VALUES (N'MS0039',N'Chicken soup for the soul 1 - Chia sẻ tâm hồn và quà tặng cuộc sống',N'HD',N'TG166',N'D3',N'BT',173,99,44000,'10/13/2011')
INSERT INTO Sach  VALUES (N'MS0040',N'Chicken soup for the soul 2- Chia sẻ tâm hồn và quà tặng cuộc sống',N'TTr',N'TG173',N'A3',N'PT',344,49,55000,'10/12/2011')
INSERT INTO Sach  VALUES (N'MS0041',N'Chicken soup for the soul 3 - Chia sẻ tâm hồn và quà tặng cuộc sống',N'KD',N'TG135',N'A2',N'IT',207,3,52000,'5/9/2011')
INSERT INTO Sach  VALUES (N'MS0042',N'Chicken soup for the soul 4- Chia sẻ tâm hồn và quà tặng cuộc sống',N'KD',N'TG174',N'B3',N'KT',466,60,156000,'7/14/2011')
INSERT INTO Sach  VALUES (N'MS0043',N'Chicken soup for the soul 5- Dành cho những tâm hồn không bao giờ gục ngã',N'PN',N'TG138',N'D2',N'TK',351,87,54000,'5/15/2015')
INSERT INTO Sach  VALUES (N'MS0044',N'Chicken soup for the soul 6 - Dành cho những con người vượt lên số phận',N'VN',N'TG066',N'E1',N'HT',314,58,165000,'7/15/2012')
INSERT INTO Sach  VALUES (N'MS0045',N'Chicken soup for the College Soul 7- Dành cho học sinh sinh viên ',N'VH',N'TG138',N'G2',N'KS',476,55,169000,'8/12/2015')
INSERT INTO Sach  VALUES (N'MS0046',N'Chicken soup for the Golden Soul 8 - Những tâm hồn cao thượng',N'TH',N'TG105',N'E3',N'BT',133,69,119000,'12/13/2017')
INSERT INTO Sach  VALUES (N'MS0047',N'Chicken soup for the Mother & Daughter Soul 9 -Vòng tay của mẹ ',N'VN',N'TG186',N'F3',N'BT',921,11,10000,'2/14/2016')
INSERT INTO Sach  VALUES (N'MS0048',N'Chicken soup for the Grieving soul - Dành cho những tâm hồn bất hạnh',N'LD',N'TG195',N'A1',N'DH',171,33,162000,'9/11/2016')
INSERT INTO Sach  VALUES (N'MS0049',N'Chicken soup for the Teenage soul on tough stuff 11- Vượt qua thử thách đầu đời',N'TG',N'TG074',N'C3',N'KT',454,93,151000,'7/12/2015')
INSERT INTO Sach  VALUES (N'MS0050',N'Chicken soup for the Recovering soul 12-Tìm lại giá trị cuộc sống',N'TTr',N'TG130',N'C3',N'HT',774,100,193000,'1/8/2011')
INSERT INTO Sach  VALUES (N'MS0051',N'Chicken soup for the soul Living your Dreams 13- Sống với ước mơ',N'KD',N'TG085',N'G1',N'DH',516,86,82000,'8/16/2012')
INSERT INTO Sach  VALUES (N'MS0052',N'Chicken soup for the Soul Puppies for Sale 14-Quà tặng từ trái tim',N'TH',N'TG122',N'B1',N'TK',79,66,10000,'12/14/2013')
INSERT INTO Sach  VALUES (N'MS0053',N'Chicken soup for the Couples soul 15-Quà tặng tâm hồn dành cho tình yêu',N'HD',N'TG133',N'C2',N'PT',290,46,100000,'4/9/2014')
INSERT INTO Sach  VALUES (N'MS0054',N'Chicken soup for the Singles soul 16 - Khi bạn chỉ có một mình',N'TG',N'TG028',N'B3',N'HT',150,42,161000,'4/11/2014')
INSERT INTO Sach  VALUES (N'MS0055',N'Chicken soup for the Pet Lovers soul 17-Những người bạn nhỏ',N'TN',N'TG099',N'F1',N'LT',219,35,161000,'11/13/2017')
INSERT INTO Sach  VALUES (N'MS0056',N'Chicken soup for the Surviving soul 18-Vượt lên nghịch cảnh',N'TH',N'TG015',N'F3',N'DH',739,46,22000,'7/27/2013')
INSERT INTO Sach  VALUES (N'MS0057',N'Chicken soup for the soul Stories for a better wold 19-Tin vào ngày mai',N'VN',N'TG112',N'E1',N'DH',954,79,20000,'7/13/2016')
INSERT INTO Sach  VALUES (N'MS0058',N'Chicken soup for the soul Daily inspirations for women 20 - Hạt giống yêu thương',N'HD',N'TG179',N'A1',N'TK',432,49,180000,'6/7/2012')
INSERT INTO Sach  VALUES (N'MS0059',N'Chicken soup for the recovering soul 21 - Cảm hứng cuộc sống',N'TT',N'TG180',N'B2',N'KT',104,73,31000,'8/5/2013')
INSERT INTO Sach  VALUES (N'MS0060',N'Chicken soup for the nature lovers soul 22 - Khám phá cuộc sống',N'HD',N'TG135',N'A1',N'GT',419,28,56000,'2/11/2012')
INSERT INTO Sach  VALUES (N'MS0061',N'Chicken soup for the Father soul 23 - Trái tim người cha',N'HD',N'TG188',N'B2',N'KT',501,42,122000,'11/10/2016')
INSERT INTO Sach  VALUES (N'MS0062',N'Chicken soup for the Sisters soul 24 - Điểm Tựa Yêu Thương',N'VH',N'TG190',N'C2',N'DH',967,68,79000,'6/17/2017')
INSERT INTO Sach  VALUES (N'MS0063',N'Chicken soup for the travelers soul 25-Trải nghiệm từ những chuyến đi',N'TG',N'TG063',N'B3',N'BT',144,94,39000,'10/23/2015')
INSERT INTO Sach  VALUES (N'MS0064',N'Chicken soup for the Beach lovers soul 26 - Ký ức biển',N'KD',N'TG046',N'F1',N'TK',567,53,84000,'5/8/2011')
INSERT INTO Sach  VALUES (N'MS0065',N'Chicken soup for the travelers soul - Khám phá miền đất lạ',N'TTh',N'TG221',N'F1',N'IT',67,52,107000,'10/23/2010')
INSERT INTO Sach  VALUES (N'MS0066',N'Chicken soup for the soul - Hãy yêu cuộc sống bạn chọn',N'CT',N'TG030',N'D3',N'IT',793,35,15000,'12/16/2017')
INSERT INTO Sach  VALUES (N'MS0067',N'Chicken soup for the Entrepreneurs soul - Thử thách những  ước mơ',N'TH',N'TG133',N'E2',N'NN',947,17,8000,'7/10/2013')
INSERT INTO Sach  VALUES (N'MS0068',N'Chicken soup for the Nature Lovers soul - Thiên nhiên liều thuốc nhiệm màu',N'VN',N'TG173',N'F3',N'KS',496,14,180000,'8/18/2011')
INSERT INTO Sach  VALUES (N'MS0069',N'Chicken soup for the soul - Quà tặng tinh thần dành cho phụ nữ',N'CT',N'TG038',N'E1',N'HT',168,56,64000,'7/14/2015')
INSERT INTO Sach  VALUES (N'MS0070',N'Chiếc Lọ Giáng Sinh Diệu Kỳ',N'TH',N'TG223',N'D3',N'GT',779,89,42000,'1/23/2014')
INSERT INTO Sach  VALUES (N'MS0071',N'Chó dẫn đường phiêu lưu ký Tập 2',N'TG',N'TG121',N'D1',N'GTr',705,47,115000,'9/15/2012')
INSERT INTO Sach  VALUES (N'MS0072',N'Chó dẫn đường đại gia & nhân quả',N'KD',N'TG105',N'E1',N'TK',476,40,173000,'7/18/2014')
INSERT INTO Sach  VALUES (N'MS0073',N'Cho đi là còn mãi',N'TN',N'TG172',N'C1',N'TK',727,25,101000,'3/10/2013')
INSERT INTO Sach  VALUES (N'MS0074',N'Cho là nhận',N'HD',N'TG166',N'B1',N'HT',454,99,161000,'7/8/2013')
INSERT INTO Sach  VALUES (N'MS0075',N'Cho một khởi đầu mới',N'TTr',N'TG013',N'C2',N'DH',785,9,89000,'11/28/2010')
INSERT INTO Sach  VALUES (N'MS0076',N'Chữa lành nỗi đau',N'LD',N'TG214',N'A1',N'HT',604,66,119000,'10/12/2015')
INSERT INTO Sach  VALUES (N'MS0077',N'Chuyện dễ đùa khó nói: Cẩm nang con trai con gái về tình dục và giới tính',N'KD',N'TG215',N'B2',N'HT',550,22,61000,'11/28/2010')
INSERT INTO Sach  VALUES (N'MS0078',N'Chuyện thực tập: Từ giảng đường đến văn phòng',N'TTh',N'TG052',N'C3',N'GTr',137,51,174000,'4/19/2013')
INSERT INTO Sach  VALUES (N'MS0079',N'Chuyến xe năng lượng',N'KD',N'TG179',N'E3',N'IT',960,35,134000,'6/23/2013')
INSERT INTO Sach  VALUES (N'MS0080',N'Con sẽ làm được',N'VH',N'TG017',N'G2',N'BT',399,68,136000,'8/29/2013')
INSERT INTO Sach  VALUES (N'MS0081',N'Con gái ngoài giờ học nói chuyện gì',N'TTh',N'TG218',N'D1',N'NN',531,32,83000,'11/15/2013')
INSERT INTO Sach  VALUES (N'MS0082',N'Con trai ngoài giờ học nói chuyện gì',N'TH',N'TG086',N'F1',N'DH',39,2,42000,'2/10/2012')
INSERT INTO Sach  VALUES (N'MS0083',N'Cung bậc tình yêu Tập 1',N'HD',N'TG024',N'B2',N'DH',876,21,168000,'10/27/2011')
INSERT INTO Sach  VALUES (N'MS0084',N'Cung bậc tình yêu Tập 2',N'PN',N'TG006',N'F3',N'KS',86,90,101000,'1/3/2015')
INSERT INTO Sach  VALUES (N'MS0085',N'Cuộc phiêu lưu kỳ thú của cô gái năng động',N'TTh',N'TG144',N'C3',N'PT',11,87,62000,'5/14/2012')
INSERT INTO Sach  VALUES (N'MS0086',N'Cuộc sống không giới hạn ',N'HD',N'TG027',N'C3',N'KT',328,100,71000,'6/11/2016')
INSERT INTO Sach  VALUES (N'MS0087',N'Các kỹ năng học giỏi',N'CT',N'TG168',N'G2',N'KS',269,36,16000,'5/30/2010')
INSERT INTO Sach  VALUES (N'MS0088',N'Cải thiện năng lực Trí não Tập 1',N'TTr',N'TG147',N'C2',N'KS',241,55,133000,'5/14/2012')
INSERT INTO Sach  VALUES (N'MS0089',N'Cải thiện năng lực Trí não Tập 2',N'HD',N'TG006',N'E2',N'HT',828,92,195000,'2/19/2013')
INSERT INTO Sach  VALUES (N'MS0090',N'Cà phê cùng Tony',N'HD',N'TG141',N'G1',N'KS',433,3,196000,'4/17/2010')
INSERT INTO Sach  VALUES (N'MS0091',N'Chìa khóa thành công',N'CT',N'TG066',N'A2',N'PT',729,54,156000,'12/15/2013')
INSERT INTO Sach  VALUES (N'MS0092',N'Chào hàng chuyên nghiệp để bán hàng thành công',N'TG',N'TG185',N'D3',N'KT',218,20,172000,'12/24/2013')
INSERT INTO Sach  VALUES (N'MS0093',N'Đắc nhân tâm',N'TN',N'TG112',N'G3',N'NN',11,26,146000,'10/14/2012')
INSERT INTO Sach  VALUES (N'MS0094',N'Dale Carnegie - Bậc thầy của nghệ thuật giao tiếp',N'VN',N'TG088',N'B1',N'LT',275,11,25000,'7/16/2014')
INSERT INTO Sach  VALUES (N'MS0095',N'Dám chấp nhận',N'KD',N'TG062',N'B3',N'LT',380,97,53000,'11/28/2015')
INSERT INTO Sach  VALUES (N'MS0096',N'Dám tha thứ',N'VH',N'TG069',N'E1',N'IT',369,99,166000,'5/2/2013')
INSERT INTO Sach  VALUES (N'MS0097',N'Dám thay đổi từ A-©Lý luận chung về',N'LD',N'TG153',N'D2',N'KS',270,21,187000,'12/21/2013')
INSERT INTO Sach  VALUES (N'MS0098',N'Đánh thức ban mai',N'HD',N'TG108',N'E2',N'NN',339,94,65000,'2/13/2017')
INSERT INTO Sach  VALUES (N'MS0099',N'Đánh thức con người phi thường trong bạn',N'TH',N'TG173',N'F1',N'PT',197,65,10000,'7/19/2016')
INSERT INTO Sach  VALUES (N'MS0100',N'Đánh thức năng lực vô hạn',N'TN',N'TG207',N'E3',N'TK',828,27,64000,'6/14/2015')
INSERT INTO Sach  VALUES (N'MS0101',N'Dare to dream -dám ước mơ',N'HD',N'TG198',N'E1',N'HT',829,66,154000,'3/3/2012')
INSERT INTO Sach  VALUES (N'MS0102',N'Để có một tâm hồn đẹp ',N'LD',N'TG180',N'F3',N'GTr',739,19,162000,'9/22/2012')
INSERT INTO Sach  VALUES (N'MS0103',N'Để con bạn giỏi như Einstein ',N'TTh',N'TG036',N'D1',N'IT',955,48,171000,'10/15/2011')
INSERT INTO Sach  VALUES (N'MS0104',N'Đêm giáng sinh kỳ diệu',N'TTh',N'TG160',N'D2',N'GT',868,9,10000,'12/6/2017')
INSERT INTO Sach  VALUES (N'MS0105',N'Đêm tối và ánh sáng',N'TH',N'TG106',N'C1',N'KS',469,40,107000,'4/22/2010')
INSERT INTO Sach  VALUES (N'MS0106',N'Đi tìm hạnh phúc cuộc sống',N'TG',N'TG208',N'B2',N'NN',729,16,172000,'10/25/2014')
INSERT INTO Sach  VALUES (N'MS0107',N'Đi tìm lẽ sống',N'VN',N'TG007',N'C2',N'TK',797,33,71000,'12/4/2015')
INSERT INTO Sach  VALUES (N'MS0108',N'Đi tìm ý nghĩa cuộc sống',N'VH',N'TG032',N'A1',N'HT',681,75,190000,'8/24/2015')
INSERT INTO Sach  VALUES (N'MS0109',N'Điểm tựa của niềm tin',N'KD',N'TG198',N'C2',N'HT',904,36,169000,'11/8/2012')
INSERT INTO Sach  VALUES (N'MS0110',N'Điều kỳ diệu từ cách nhìn cuộc sống',N'CT',N'TG071',N'F3',N'PT',222,33,190000,'4/12/2011')
INSERT INTO Sach  VALUES (N'MS0111',N'Điều kỳ diệu của thái độ sống',N'TG',N'TG189',N'C2',N'KT',218,16,46000,'4/8/2010')
INSERT INTO Sach  VALUES (N'MS0112',N'Điều kỳ diệu của tình yêu',N'TH',N'TG085',N'F3',N'KS',116,65,87000,'2/27/2012')
INSERT INTO Sach  VALUES (N'MS0113',N'Điều kỳ diệu tình yêu',N'VN',N'TG139',N'G1',N'IT',993,40,145000,'4/26/2014')
INSERT INTO Sach  VALUES (N'MS0114',N'Dù bất kỳ điều gì xảy ra',N'VN',N'TG180',N'E1',N'LT',712,94,189000,'10/1/2017')
INSERT INTO Sach  VALUES (N'MS0115',N'Đừng bao giờ từ bỏ ước mơ',N'TTr',N'TG069',N'A1',N'IT',724,42,32000,'9/22/2010')
INSERT INTO Sach  VALUES (N'MS0116',N'Đúng việc',N'VH',N'TG096',N'G2',N'GT',169,26,192000,'5/26/2012')
INSERT INTO Sach  VALUES (N'MS0117',N'Đến Nhật Bản học về cuộc đời',N'CT',N'TG181',N'D1',N'BT',232,62,45000,'4/26/2011')
INSERT INTO Sach  VALUES (N'MS0118',N'Đừng để tiền ngủ yên trong túi',N'VH',N'TG203',N'E2',N'GT',495,6,107000,'10/17/2017')
INSERT INTO Sach  VALUES (N'MS0119',N'Đọc vị bất kỳ ai ',N'LD',N'TG153',N'A3',N'TK',697,91,82000,'10/28/2012')
INSERT INTO Sach  VALUES (N'MS0120',N'Gieo niềm tin cuộc sống',N'KD',N'TG115',N'G3',N'NN',24,47,79000,'8/3/2013')
INSERT INTO Sach  VALUES (N'MS0121',N'Giữa những điều bình dị',N'TTh',N'TG029',N'A2',N'KS',825,46,199000,'3/4/2014')
INSERT INTO Sach  VALUES (N'MS0122',N'Góc nhìn của người thông thái',N'VN',N'TG099',N'D3',N'IT',667,61,22000,'12/18/2017')
INSERT INTO Sach  VALUES (N'MS0123',N'Giao tiếp chuyên nghiệp để bán hàng thành công',N'VN',N'TG091',N'B2',N'IT',485,16,115000,'12/4/2012')
INSERT INTO Sach  VALUES (N'MS0124',N'Giá trị vĩnh hằng',N'TTr',N'TG095',N'F1',N'PT',997,30,106000,'5/18/2015')
INSERT INTO Sach  VALUES (N'MS0125',N'Giao tiếp bất kỳ ai',N'TTr',N'TG105',N'G3',N'PT',521,54,98000,'5/20/2012')
INSERT INTO Sach  VALUES (N'MS0126',N'Hạnh phúc không khó tìm Tập 1',N'HD',N'TG109',N'C2',N'DH',199,88,109000,'8/22/2016')
INSERT INTO Sach  VALUES (N'MS0127',N'Hạnh phúc không khó tìm Tập 2',N'LD',N'TG203',N'F2',N'HT',56,93,194000,'2/6/2015')
INSERT INTO Sach  VALUES (N'MS0128',N'Hạt giống tâm hồn -Tuyển chọn những câu chuyện hay',N'TTh',N'TG095',N'E3',N'IT',30,70,90000,'5/8/2015')
INSERT INTO Sach  VALUES (N'MS0129',N'Hạt giống tâm hồn 1: Cho lòng dũng cảm và tình yêu cuộc sống',N'VH',N'TG065',N'C3',N'KS',747,71,66000,'5/10/2016')
INSERT INTO Sach  VALUES (N'MS0130',N'Hạt giống tâm hồn 2: Cho lòng dũng cảm và tình yêu cuộc sống',N'CT',N'TG020',N'B1',N'DH',303,72,146000,'3/8/2015')
INSERT INTO Sach  VALUES (N'MS0131',N'Hạt giống tâm hồn 3:Từ những điều bình dị',N'TN',N'TG008',N'C1',N'BT',351,29,136000,'3/9/2015')
INSERT INTO Sach  VALUES (N'MS0132',N'Hạt giống tâm hồn 4: Từ những điều bình dị',N'KD',N'TG180',N'E3',N'NN',259,7,19000,'12/13/2014')
INSERT INTO Sach  VALUES (N'MS0133',N'Hạt giống tâm hồn 5: Và ý nghĩa cuộc sống',N'TH',N'TG135',N'G1',N'NN',387,86,53000,'12/16/2015')
INSERT INTO Sach  VALUES (N'MS0134',N'Hạt giống tâm hồn 6: Và ý nghĩa cuộc sống',N'TTh',N'TG075',N'B2',N'PT',784,63,128000,'4/11/2012')
INSERT INTO Sach  VALUES (N'MS0135',N'Hạt giống tâm hồn 7: Những câu chuyện cuộc sống',N'CT',N'TG086',N'B2',N'BT',332,84,15000,'4/15/2016')
INSERT INTO Sach  VALUES (N'MS0136',N'Hạt giống tâm hồn 9: Vượt qua thử thách',N'TTr',N'TG030',N'F2',N'KT',370,74,104000,'6/18/2014')
INSERT INTO Sach  VALUES (N'MS0137',N'Hạt giống tâm hồn 10: Theo dòng thời gian',N'PN',N'TG187',N'B2',N'LT',45,41,14000,'10/24/2013')
INSERT INTO Sach  VALUES (N'MS0138',N'Hạt giống tâm hồn 11: Những trải nghiệm cuộc sống',N'VN',N'TG111',N'C1',N'LT',900,13,98000,'6/21/2012')
INSERT INTO Sach  VALUES (N'MS0139',N'Hạt giống tâm hồn 12:Nghệ thuật sáng tạo cuộc sống',N'TN',N'TG105',N'F2',N'DH',30,45,169000,'1/10/2017')
INSERT INTO Sach  VALUES (N'MS0140',N'Hạt giống tâm hồn 13: Cách nghĩ quyết định hướng đi',N'HD',N'TG065',N'B1',N'GT',77,70,27000,'8/3/2012')
INSERT INTO Sach  VALUES (N'MS0141',N'Hạt giống tâm hồn 14: Góc nhìn diệu kỳ của cuộc sống',N'HD',N'TG146',N'E3',N'NN',586,14,27000,'7/25/2011')
INSERT INTO Sach  VALUES (N'MS0142',N'Hạt giống tâm hồn 15: Luôn là chính mình',N'VN',N'TG204',N'G1',N'LT',735,84,172000,'9/29/2010')
INSERT INTO Sach  VALUES (N'MS0143',N'Hạt giống tâm hồn 16: Tìm lại bình yên',N'LD',N'TG174',N'G3',N'GTr',453,67,81000,'12/8/2010')
INSERT INTO Sach  VALUES (N'MS0144',N'Hạt giống yêu đời',N'TT',N'TG077',N'F1',N'KT',286,26,193000,'4/22/2012')
INSERT INTO Sach  VALUES (N'MS0145',N'Hệ miễn dịch tâm hồn',N'KD',N'TG141',N'F2',N'DH',574,6,83000,'5/15/2016')
INSERT INTO Sach  VALUES (N'MS0146',N'Hector và hành trình cứu tình yêu',N'TH',N'TG154',N'B1',N'DH',723,59,141000,'3/5/2011')
INSERT INTO Sach  VALUES (N'MS0147',N'Hector và hành trình thú vị đi tìm hạnh phúc',N'VH',N'TG173',N'G2',N'KS',225,70,138000,'11/27/2014')
INSERT INTO Sach  VALUES (N'MS0148',N'Hài hước một chút thế giới sẽ khác đi',N'TN',N'TG001',N'E2',N'PT',530,42,111000,'1/15/2013')
INSERT INTO Sach  VALUES (N'MS0149',N'Hành trình ra biển lớn',N'HD',N'TG015',N'A3',N'GT',59,65,167000,'10/21/2013')
INSERT INTO Sach  VALUES (N'MS0150',N'Hạt giống tâm hồn dành cho học sinh sinh viên',N'HD',N'TG200',N'B1',N'GT',736,68,85000,'9/2/2010')
INSERT INTO Sach  VALUES (N'MS0151',N'Hạt giống tâm hồn dành cho tuổi teen Tập 1',N'TT',N'TG017',N'C1',N'IT',17,17,46000,'11/10/2012')
INSERT INTO Sach  VALUES (N'MS0152',N'Hạt giống tâm hồn dành cho tuổi teen Tập 2',N'TN',N'TG117',N'B1',N'KT',179,94,71000,'12/27/2016')
INSERT INTO Sach  VALUES (N'MS0153',N'Hạt giống tâm hồn: Khi bạn mất niềm tin ',N'CT',N'TG119',N'G1',N'PT',336,22,86000,'5/26/2014')
INSERT INTO Sach  VALUES (N'MS0154',N'Hạt giống tâm hồn: Những tâm hồn lạc',N'TH',N'TG003',N'F3',N'NN',884,14,76000,'11/29/2017')
INSERT INTO Sach  VALUES (N'MS0155',N'Hạt giống tâm hồn: Cho những trái tim rộng mở',N'TTh',N'TG180',N'B2',N'HT',402,90,161000,'7/13/2012')
INSERT INTO Sach  VALUES (N'MS0156',N'Hiểu về trái tim',N'TH',N'TG044',N'A1',N'BT',813,43,88000,'5/15/2010')
INSERT INTO Sach  VALUES (N'MS0157',N'Học giỏi cách nào đây',N'KD',N'TG201',N'C3',N'IT',873,66,136000,'10/9/2016')
INSERT INTO Sach  VALUES (N'MS0158',N'John đi tìm Hùng',N'TTr',N'TG211',N'B3',N'IT',302,62,85000,'2/7/2011')
INSERT INTO Sach  VALUES (N'MS0159',N'Kết nối lời khuyên sinh viên Việt Nam',N'VH',N'TG137',N'C1',N'BT',34,58,174000,'8/30/2014')
INSERT INTO Sach  VALUES (N'MS0160',N'Khám phá ngôn ngữ tư duy',N'TTr',N'TG108',N'A1',N'HT',333,50,5000,'6/29/2015')
INSERT INTO Sach  VALUES (N'MS0161',N'Khám phá những điều phi thường',N'KD',N'TG129',N'E1',N'DH',685,95,136000,'2/25/2011')
INSERT INTO Sach  VALUES (N'MS0162',N'Khám phá sức mạnh bản thân',N'VN',N'TG136',N'C1',N'HT',516,47,69000,'6/20/2014')
INSERT INTO Sach  VALUES (N'MS0163',N'Khám phá thế giới tâm linh',N'TH',N'TG010',N'D2',N'BT',78,5,30000,'1/1/2017')
INSERT INTO Sach  VALUES (N'MS0164',N'Khát vọng từ trái tim',N'TTr',N'TG120',N'C1',N'GTr',970,53,84000,'1/30/2015')
INSERT INTO Sach  VALUES (N'MS0165',N'Khi mọi điểm tựa đều mất',N'TH',N'TG097',N'G2',N'GTr',152,98,188000,'12/10/2014')
INSERT INTO Sach  VALUES (N'MS0166',N'Khởi hành lời khuyên sinh viên Việt Nam',N'LD',N'TG003',N'F1',N'DH',461,57,190000,'3/3/2010')
INSERT INTO Sach  VALUES (N'MS0167',N'Khơi nguồn năng lượng tích cực',N'TG',N'TG211',N'E2',N'HT',520,90,95000,'6/28/2016')
INSERT INTO Sach  VALUES (N'MS0168',N'Không chùn bước',N'VN',N'TG104',N'E2',N'IT',179,56,156000,'9/29/2016')
INSERT INTO Sach  VALUES (N'MS0169',N'Kiến tạo thế hệ Việt Nam ưu việt',N'VH',N'TG077',N'F1',N'HT',631,7,130000,'5/14/2015')
INSERT INTO Sach  VALUES (N'MS0170',N'Khác biệt để bứt phá',N'KD',N'TG019',N'D1',N'LT',436,75,179000,'3/19/2013')
INSERT INTO Sach  VALUES (N'MS0171',N'Khác biệt hay là chết',N'TH',N'TG045',N'D1',N'KT',794,46,171000,'7/15/2014')
INSERT INTO Sach  VALUES (N'MS0172',N'Khuyến học ',N'LD',N'TG067',N'E2',N'DH',760,75,123000,'1/27/2014')
INSERT INTO Sach  VALUES (N'MS0173',N'Không đánh mà thắng Chiến lược cạnh tranh lấy nhỏ thắng lớn',N'VN',N'TG184',N'G2',N'GT',509,93,101000,'7/15/2012')
INSERT INTO Sach  VALUES (N'MS0174',N'Kinh nghiệm thành công của ông chủ nhỏ',N'KD',N'TG183',N'B2',N'NN',270,93,158000,'8/1/2010')
INSERT INTO Sach  VALUES (N'MS0175',N'Khát vọng Việt: Vì sao đất nước ta còn nghèo',N'TTh',N'TG154',N'D2',N'KS',216,57,87000,'5/20/2011')
INSERT INTO Sach  VALUES (N'MS0176',N'Làm chủ cuộc đời',N'TH',N'TG081',N'B2',N'KS',485,100,108000,'3/27/2017')
INSERT INTO Sach  VALUES (N'MS0177',N'Lăng kính tâm hồn',N'CT',N'TG009',N'F1',N'TK',603,33,191000,'4/24/2013')
INSERT INTO Sach  VALUES (N'MS0178',N'Mãi mãi là yêu thương-42-TVI',N'TTh',N'TG150',N'F1',N'DH',858,35,147000,'12/25/2010')
INSERT INTO Sach  VALUES (N'MS0179',N'Mật ngữ rừng xanh',N'VN',N'TG155',N'E3',N'NN',926,19,133000,'10/6/2016')
INSERT INTO Sach  VALUES (N'MS0180',N'Một nghệ thuật sống',N'TH',N'TG092',N'A1',N'NN',276,71,138000,'3/15/2010')
INSERT INTO Sach  VALUES (N'MS0181',N'Nâng cao sức mạnh tinh thần',N'TN',N'TG136',N'F3',N'KS',449,2,169000,'12/5/2016')
INSERT INTO Sach  VALUES (N'MS0182',N'Nghệ thuật sống tự tin',N'TG',N'TG086',N'F3',N'KT',924,48,52000,'2/23/2017')
INSERT INTO Sach  VALUES (N'MS0183',N'Nghệ thuật sống vui khỏe ở thế kỷ 21',N'VN',N'TG051',N'B1',N'BT',386,60,96000,'8/16/2011')
INSERT INTO Sach  VALUES (N'MS0184',N'Người quét dọn tâm hồn',N'TTr',N'TG045',N'A1',N'KS',567,89,182000,'5/22/2010')
INSERT INTO Sach  VALUES (N'MS0185',N'Người thắp sáng tâm hồn',N'TTr',N'TG050',N'A2',N'HT',389,50,42000,'4/10/2017')
INSERT INTO Sach  VALUES (N'MS0186',N'Người thông minh giải quyết vấn đề như thế nào',N'VN',N'TG128',N'A1',N'DH',435,83,68000,'11/27/2015')
INSERT INTO Sach  VALUES (N'MS0187',N'Người thông minh không làm việc một mình',N'TH',N'TG007',N'E2',N'IT',326,11,30000,'5/11/2013')
INSERT INTO Sach  VALUES (N'MS0188',N'Người thông minh làm thế nào để hạnh phúc',N'TT',N'TG118',N'A1',N'IT',442,22,169000,'1/28/2013')
INSERT INTO Sach  VALUES (N'MS0189',N'Nguồn sáng tình yêu',N'VH',N'TG138',N'G2',N'IT',471,85,171000,'1/14/2010')
INSERT INTO Sach  VALUES (N'MS0190',N'Những giá trị sống cho tuổi trẻ',N'TTh',N'TG010',N'F1',N'GT',440,84,25000,'7/17/2011')
INSERT INTO Sach  VALUES (N'MS0191',N'Nơi nào có ý chí nơi đó có con đường  Tập 2',N'KD',N'TG117',N'E3',N'KT',52,45,87000,'6/22/2017')
INSERT INTO Sach  VALUES (N'MS0192',N'Nội tâm bí ẩn',N'KD',N'TG022',N'B2',N'LT',11,17,32000,'2/14/2013')
INSERT INTO Sach  VALUES (N'MS0193',N'Nền tảng và ứng dụng của bản đồ tư duy',N'KD',N'TG147',N'G3',N'GT',537,85,69000,'3/24/2012')
INSERT INTO Sach  VALUES (N'MS0194',N'Nếu biết trăm năm là hữu hạn',N'TTr',N'TG170',N'G1',N'TK',675,8,157000,'8/25/2014')
INSERT INTO Sach  VALUES (N'MS0195',N'Những mảnh ghép cuộc đời',N'TTh',N'TG167',N'F2',N'GT',979,32,24000,'3/17/2011')
INSERT INTO Sach  VALUES (N'MS0196',N'Những nguyên tắc thành công',N'VN',N'TG085',N'D3',N'GT',566,100,153000,'7/19/2011')
INSERT INTO Sach  VALUES (N'MS0197',N'Nói thế nào để được chào đón-Làm thế nào để được ghi nhận',N'LD',N'TG140',N'E2',N'DH',134,13,145000,'10/8/2016')
INSERT INTO Sach  VALUES (N'MS0198',N'Nghệ thuật xử thế Cùng Dale Carnegie tiến tới thành công',N'VN',N'TG006',N'G2',N'GTr',828,44,67000,'1/5/2012')
INSERT INTO Sach  VALUES (N'MS0199',N'Những cấm kị khi giao tiếp với khách hàng',N'TT',N'TG057',N'E2',N'BT',231,94,86000,'12/10/2017')
INSERT INTO Sach  VALUES (N'MS0200',N'Óc Sáng suốt',N'TN',N'TG103',N'E2',N'PT',119,67,75000,'5/23/2017')
INSERT INTO Sach  VALUES (N'MS0201',N'Phút dành cho bạn: Cân bằng gia đình và cuộc sống',N'HD',N'TG091',N'C2',N'LT',56,31,51000,'11/27/2011')
INSERT INTO Sach  VALUES (N'MS0202',N'Phút dành cho Cha',N'KD',N'TG202',N'G2',N'KS',532,28,67000,'1/20/2017')
INSERT INTO Sach  VALUES (N'MS0203',N'Phút dành cho con',N'VH',N'TG167',N'A1',N'KT',414,87,18000,'12/5/2014')
INSERT INTO Sach  VALUES (N'MS0204',N'Phút dành cho mẹ',N'TH',N'TG017',N'B1',N'GT',723,66,138000,'12/12/2010')
INSERT INTO Sach  VALUES (N'MS0205',N'Phút nhìn lại mình',N'TT',N'TG050',N'A3',N'GT',922,91,104000,'4/25/2011')
INSERT INTO Sach  VALUES (N'MS0206',N'Ping - Vượt ao tù ra biển lớn',N'TH',N'TG160',N'B1',N'PT',495,21,49000,'7/19/2011')
INSERT INTO Sach  VALUES (N'MS0207',N'Phụ nữ tuổi 20 thay đổi để thành công',N'VH',N'TG022',N'B2',N'GTr',370,62,28000,'3/30/2010')
INSERT INTO Sach  VALUES (N'MS0208',N'PQ chỉ số đam mê',N'VH',N'TG177',N'A1',N'BT',863,56,161000,'3/12/2014')
INSERT INTO Sach  VALUES (N'MS0209',N'Quà tặng cuộc sống',N'CT',N'TG032',N'B3',N'HT',966,9,24000,'11/21/2010')
INSERT INTO Sach  VALUES (N'MS0210',N'Quà tặng diệu kỳ ',N'TN',N'TG147',N'A2',N'KT',437,86,136000,'4/21/2013')
INSERT INTO Sach  VALUES (N'MS0211',N'Quà tặng vô giá',N'TTr',N'TG207',N'A2',N'NN',36,60,24000,'7/7/2017')
INSERT INTO Sach  VALUES (N'MS0212',N'Quên hôm qua sống cho ngày mai',N'HD',N'TG140',N'D1',N'TK',467,70,84000,'11/10/2011')
INSERT INTO Sach  VALUES (N'MS0213',N'Riêng dành cho bạn gái và nửa kia',N'KD',N'TG041',N'G1',N'TK',498,59,68000,'9/11/2017')
INSERT INTO Sach  VALUES (N'MS0214',N'SaiGon vẫn hát',N'TTr',N'TG124',N'D3',N'DH',398,50,27000,'10/27/2011')
INSERT INTO Sach  VALUES (N'MS0215',N'Sau này con sẽ hiểu',N'TH',N'TG101',N'A1',N'BT',727,98,137000,'10/11/2014')
INSERT INTO Sach  VALUES (N'MS0216',N'Sổ tay xanh',N'TG',N'TG068',N'E2',N'HT',67,33,94000,'5/13/2015')
INSERT INTO Sach  VALUES (N'MS0217',N'Sức mạnh của điểm dừng',N'PN',N'TG187',N'D2',N'GTr',723,96,115000,'8/3/2013')
INSERT INTO Sach  VALUES (N'MS0218',N'Sức mạnh của ngôn từ',N'TN',N'TG208',N'E2',N'KS',944,47,50000,'12/5/2011')
INSERT INTO Sach  VALUES (N'MS0219',N'Sức mạnh của tĩnh lặng',N'TN',N'TG066',N'D2',N'HT',623,44,149000,'10/17/2013')
INSERT INTO Sach  VALUES (N'MS0220',N'Sức mạnh của trí tuệ cảm xúc',N'TTh',N'TG158',N'C1',N'PT',896,23,182000,'4/22/2015')
INSERT INTO Sach  VALUES (N'MS0221',N'Sức mạnh của lòng kiên nhẫn',N'TH',N'TG183',N'C2',N'KT',543,64,63000,'4/29/2010')
INSERT INTO Sach  VALUES (N'MS0222',N'Sức mạnh niềm tin',N'TTh',N'TG212',N'A1',N'LT',894,44,100000,'1/15/2013')
INSERT INTO Sach  VALUES (N'MS0223',N'Sức mạnh tiềm thức',N'VH',N'TG216',N'F3',N'KT',122,64,127000,'8/17/2016')
INSERT INTO Sach  VALUES (N'MS0224',N'Sức mạnh tình bạn',N'KD',N'TG114',N'C1',N'KS',509,31,59000,'8/9/2017')
INSERT INTO Sach  VALUES (N'MS0225',N'Sức mạnh của trí tuệ sáng tạo',N'TT',N'TG077',N'B3',N'HT',592,39,155000,'10/22/2010')
INSERT INTO Sach  VALUES (N'MS0226',N'Sức mạnh của trí tuệ tâm linh',N'TH',N'TG141',N'A2',N'KT',128,70,41000,'5/25/2016')
INSERT INTO Sach  VALUES (N'MS0227',N'Sức mạnh của trí tuệ xã hội',N'VH',N'TG173',N'G1',N'KS',689,85,79000,'7/20/2011')
INSERT INTO Sach  VALUES (N'MS0228',N'Sách lược đầu tư của Buffer',N'VH',N'TG173',N'G2',N'NN',998,6,25000,'10/27/2011')
INSERT INTO Sach  VALUES (N'MS0229',N'Sức hút của kĩ năng nói chuyện',N'TG',N'TG107',N'B1',N'LT',585,45,191000,'4/10/2016')
INSERT INTO Sach  VALUES (N'MS0230',N'Sức mạnh của tĩnh tâm',N'VN',N'TG091',N'G3',N'KT',929,45,163000,'3/5/2014')
INSERT INTO Sach  VALUES (N'MS0231',N'Tại sao cần đơn giản?',N'TTh',N'TG202',N'C2',N'HT',437,21,177000,'4/4/2014')
INSERT INTO Sach  VALUES (N'MS0232',N'Tại sao lại chần chừ?',N'VH',N'TG123',N'A1',N'KS',72,61,49000,'7/17/2013')
INSERT INTO Sach  VALUES (N'MS0233',N'Tại sao lo lắng? Hãy vui lên',N'LD',N'TG016',N'B3',N'GTr',53,58,23000,'1/16/2015')
INSERT INTO Sach  VALUES (N'MS0234',N'Tại sao phải hành động?',N'TTh',N'TG217',N'G1',N'GT',478,62,89000,'3/3/2012')
INSERT INTO Sach  VALUES (N'MS0235',N'Tâm hồn cao thượng',N'TH',N'TG115',N'E1',N'HT',616,11,68000,'2/5/2016')
INSERT INTO Sach  VALUES (N'MS0236',N'Tâm hồn lướt sóng',N'KD',N'TG156',N'A3',N'HT',257,83,83000,'2/15/2015')
INSERT INTO Sach  VALUES (N'MS0237',N'Tâm tình với đất mẹ',N'TTr',N'TG041',N'E2',N'TK',258,52,162000,'7/15/2017')
INSERT INTO Sach  VALUES (N'MS0238',N'Tất cả đều là chuyện nhỏ ',N'TTr',N'TG067',N'D1',N'LT',977,2,152000,'8/25/2011')
INSERT INTO Sach  VALUES (N'MS0239',N'Thái độ sống tạo nên tất cả',N'HD',N'TG190',N'D2',N'TK',647,2,32000,'4/24/2017')
INSERT INTO Sach  VALUES (N'MS0240',N'Thay thái độ đổi cuộc đời Tập 1',N'HD',N'TG133',N'E2',N'BT',201,50,179000,'3/4/2014')
INSERT INTO Sach  VALUES (N'MS0241',N'Thay thái độ đổi cuộc đời Tập 2',N'CT',N'TG095',N'A3',N'GTr',276,96,56000,'12/20/2011')
INSERT INTO Sach  VALUES (N'MS0242',N'Thay thái độ đổi cuộc đời Tập 3',N'VN',N'TG040',N'G1',N'NN',611,17,120000,'10/13/2017')
INSERT INTO Sach  VALUES (N'MS0243',N'Tuyển tập những câu chuyện hay nhất',N'TTh',N'TG114',N'A3',N'DH',330,93,105000,'2/24/2016')
INSERT INTO Sach  VALUES (N'MS0244',N'Thiền định thiết thực ',N'PN',N'TG021',N'A2',N'LT',921,64,69000,'9/21/2012')
INSERT INTO Sach  VALUES (N'MS0245',N'Thiên tài và sự giáo dục từ sớm',N'PN',N'TG002',N'B3',N'LT',639,54,127000,'5/1/2017')
INSERT INTO Sach  VALUES (N'MS0246',N'Thông điệp cuộc sống',N'TG',N'TG029',N'C1',N'KS',543,51,163000,'3/12/2012')
INSERT INTO Sach  VALUES (N'MS0247',N'Thức tỉnh mục đích sống',N'TTh',N'TG062',N'C2',N'BT',160,84,89000,'7/5/2017')
INSERT INTO Sach  VALUES (N'MS0248',N'Tìm lại chính mình',N'TH',N'TG096',N'E2',N'BT',595,62,73000,'10/5/2010')
INSERT INTO Sach  VALUES (N'MS0249',N'Tìm lại sức mạnh tinh thần ',N'PN',N'TG223',N'A3',N'IT',182,40,10000,'4/16/2011')
INSERT INTO Sach  VALUES (N'MS0250',N'Tìm lại tình yêu cuộc sống',N'TH',N'TG147',N'A1',N'TK',35,41,190000,'8/2/2010')
INSERT INTO Sach  VALUES (N'MS0251',N'Tin vào chính mình',N'TT',N'TG191',N'B1',N'KS',324,36,200000,'6/12/2012')
INSERT INTO Sach  VALUES (N'MS0252',N'Tỉnh thức',N'TG',N'TG174',N'G2',N'GTr',237,39,172000,'7/27/2013')
INSERT INTO Sach  VALUES (N'MS0253',N'Tình yêu là phép nhiệm màu',N'HD',N'TG033',N'G2',N'NN',712,21,16000,'7/16/2015')
INSERT INTO Sach  VALUES (N'MS0254',N'Tôi học đại học',N'TN',N'TG080',N'A3',N'IT',797,44,129000,'8/18/2016')
INSERT INTO Sach  VALUES (N'MS0255',N'Tăng cường trí nhớ và khả năng tập trung',N'PN',N'TG072',N'C1',N'DH',787,70,196000,'8/22/2014')
INSERT INTO Sach  VALUES (N'MS0256',N'Trải nghiệm và khát vọng cuộc sống',N'TH',N'TG012',N'E1',N'GT',767,45,199000,'11/14/2015')
INSERT INTO Sach  VALUES (N'MS0257',N'Trái tim của tâm hồn',N'HD',N'TG137',N'F1',N'PT',667,69,163000,'11/13/2010')
INSERT INTO Sach  VALUES (N'MS0258',N'Trễ còn hơn không bao giờ',N'TH',N'TG001',N'A3',N'BT',825,65,34000,'4/7/2010')
INSERT INTO Sach  VALUES (N'MS0259',N'Trí tưởng tượng mở con đường',N'TG',N'TG076',N'D1',N'GT',179,76,84000,'4/15/2012')
INSERT INTO Sach  VALUES (N'MS0260',N'Tư duy cá mập-Suy nghĩ cá vàng',N'VH',N'TG219',N'G1',N'GTr',749,4,39000,'10/15/2013')
INSERT INTO Sach  VALUES (N'MS0261',N'Tư duy tích cực',N'TG',N'TG048',N'C2',N'KT',657,45,21000,'8/6/2017')
INSERT INTO Sach  VALUES (N'MS0262',N'Từ giận giữ đến bình an',N'TTr',N'TG190',N'B1',N'NN',291,53,186000,'7/18/2013')
INSERT INTO Sach  VALUES (N'MS0263',N'Từ nội tâm hướng ra bên ngoài',N'LD',N'TG052',N'A1',N'KT',210,6,16000,'5/2/2010')
INSERT INTO Sach  VALUES (N'MS0264',N'Tôi tự học',N'TH',N'TG206',N'F1',N'KT',432,12,111000,'9/17/2016')
INSERT INTO Sach  VALUES (N'MS0265',N'Tuổi trẻ đáng giá bao nhiêu',N'TTr',N'TG164',N'B2',N'IT',150,70,61000,'6/23/2016')
INSERT INTO Sach  VALUES (N'MS0266',N'Tôi là một con lừa',N'PN',N'TG135',N'D1',N'NN',913,44,162000,'11/7/2012')
INSERT INTO Sach  VALUES (N'MS0267',N'Từ hạt cát đến ngọc trai',N'CT',N'TG082',N'G3',N'GT',922,88,63000,'4/12/2011')
INSERT INTO Sach  VALUES (N'MS0268',N'Triết lý cuộc đời',N'VH',N'TG043',N'C2',N'LT',733,7,128000,'9/24/2016')
INSERT INTO Sach  VALUES (N'MS0269',N'Tôi tư duy tôi thành đạt',N'PN',N'TG188',N'G2',N'PT',628,34,63000,'5/9/2013')
INSERT INTO Sach  VALUES (N'MS0270',N'Thông điệp của nước',N'TN',N'TG180',N'A1',N'NN',235,9,87000,'3/18/2015')
INSERT INTO Sach  VALUES (N'MS0271',N'Tuổi 20 sức hút từ kỹ năng giao tiếp',N'VH',N'TG041',N'E3',N'PT',950,24,134000,'2/12/2017')
INSERT INTO Sach  VALUES (N'MS0272',N'Trên cả lý thuyết Những bài học kinh doanh mà Jobs để lại cho thế giới',N'TTh',N'TG112',N'A1',N'HT',524,89,174000,'7/8/2017')
INSERT INTO Sach  VALUES (N'MS0273',N'You can: Không gì là không thể ',N'PN',N'TG167',N'E3',N'IT',994,9,89000,'12/11/2013')
INSERT INTO Sach  VALUES (N'MS0274',N'You can win: Bí quyết của người chiến thắng',N'TH',N'TG087',N'F3',N'NN',402,10,45000,'7/30/2017')
INSERT INTO Sach  VALUES (N'MS0275',N'7 Thói quen của bạn trẻ thành đạt',N'KD',N'TG029',N'E1',N'KS',444,63,92000,'9/29/2017')
INSERT INTO Sach  VALUES (N'MS0276',N'21 bí mật của những nhà diễn thuyết tài ba nhất lịch sử',N'TTr',N'TG194',N'F1',N'GT',596,89,129000,'3/20/2013')
INSERT INTO Sach  VALUES (N'MS0277',N'5 nguyên tắc thép và 15 thuật bán hàng thành công ',N'VN',N'TG178',N'F2',N'HT',683,35,136000,'8/21/2016')
INSERT INTO Sach  VALUES (N'MS0278',N'12 phương pháp khích lệ nhân viên tiền không làm được',N'TT',N'TG039',N'G3',N'LT',103,10,90000,'3/16/2014')
INSERT INTO Sach  VALUES (N'MS0279',N'21 ngày nâng cao sức hút phát biểu trước đám đông',N'TT',N'TG044',N'E1',N'GT',467,40,195000,'8/16/2010')
INSERT INTO Sach  VALUES (N'MS0280',N'5 ngôn ngữ tình yêu',N'TTr',N'TG174',N'A2',N'KT',618,74,46000,'8/10/2012')
INSERT INTO Sach  VALUES (N'MS0281',N'13 nguyên tắc nghĩ giàu làm giàu',N'TN',N'TG015',N'A1',N'NN',700,34,68000,'10/17/2017')
INSERT INTO Sach  VALUES (N'MS0282',N'Những cuộc phiêu lưu của Tom Sawyer',N'TT',N'TG160',N'E1',N'DH',219,63,191000,'5/11/2012')
INSERT INTO Sach  VALUES (N'MS0283',N'Gió lạnh đầu mùa',N'CT',N'TG150',N'F1',N'IT',167,17,82000,'4/1/2014')
INSERT INTO Sach  VALUES (N'MS0284',N'Chí phèo',N'VN',N'TG194',N'G1',N'DH',758,26,10000,'12/22/2014')
INSERT INTO Sach  VALUES (N'MS0285',N'Bước đường cùng',N'TG',N'TG052',N'G1',N'KS',91,18,132000,'8/14/2013')
INSERT INTO Sach  VALUES (N'MS0286',N'Oliver Twist',N'CT',N'TG012',N'D2',N'IT',846,10,138000,'8/2/2014')
INSERT INTO Sach  VALUES (N'MS0287',N'Những cuộc phiêu lưu của Huckleberry Finn',N'TH',N'TG148',N'E2',N'KT',222,58,194000,'2/7/2014')
INSERT INTO Sach  VALUES (N'MS0288',N'Truyện ngắn Nguyễn Công Hoan',N'TG',N'TG208',N'G2',N'LT',407,23,52000,'3/4/2012')
INSERT INTO Sach  VALUES (N'MS0289',N'Bỉ vỏ',N'LD',N'TG011',N'E1',N'KT',499,46,92000,'6/6/2017')
INSERT INTO Sach  VALUES (N'MS0290',N'Không gia đình',N'CT',N'TG008',N'B2',N'NN',433,93,48000,'4/15/2015')
INSERT INTO Sach  VALUES (N'MS0291',N'Nanh trắng',N'VH',N'TG157',N'E3',N'LT',61,41,52000,'11/27/2013')
INSERT INTO Sach  VALUES (N'MS0292',N'Cánh buồm đỏ thắm ',N'KD',N'TG219',N'C2',N'KT',637,81,62000,'7/23/2012')
INSERT INTO Sach  VALUES (N'MS0293',N'Trên sa mạc và trong rừng thẳm',N'PN',N'TG121',N'G1',N'IT',141,78,99000,'3/30/2012')
INSERT INTO Sach  VALUES (N'MS0294',N'Ông già và biển cả',N'TTr',N'TG020',N'D2',N'PT',46,42,181000,'11/25/2013')
INSERT INTO Sach  VALUES (N'MS0295',N'Gulliver du ký',N'VN',N'TG215',N'D2',N'BT',557,27,59000,'10/29/2015')
INSERT INTO Sach  VALUES (N'MS0296',N'Tuổi thơ dữ dội',N'TN',N'TG005',N'D1',N'TK',77,9,103000,'12/30/2010')
INSERT INTO Sach  VALUES (N'MS0297',N'Đảo giấu vàng',N'TN',N'TG037',N'C2',N'KS',252,88,173000,'5/22/2012')
INSERT INTO Sach  VALUES (N'MS0298',N'Hòn đất ',N'TG',N'TG103',N'E1',N'GT',268,33,159000,'7/2/2012')
INSERT INTO Sach  VALUES (N'MS0299',N'Hai vạn dặm dưới đáy biển',N'PN',N'TG088',N'E2',N'PT',321,90,157000,'2/5/2010')
INSERT INTO Sach  VALUES (N'MS0300',N'Túp lều bác Tôm',N'VN',N'TG121',N'A2',N'KT',781,38,157000,'10/25/2017')
INSERT INTO Sach  VALUES (N'MS0301',N'Làm đĩ',N'KD',N'TG144',N'C3',N'PT',913,50,189000,'4/26/2012')
INSERT INTO Sach  VALUES (N'MS0302',N'Giông tố',N'VN',N'TG221',N'F3',N'DH',339,84,48000,'7/25/2014')
INSERT INTO Sach  VALUES (N'MS0303',N'Số đỏ',N'TTh',N'TG003',N'F1',N'GTr',342,46,61000,'7/18/2013')
INSERT INTO Sach  VALUES (N'MS0304',N'Vợ nhặt',N'TH',N'TG001',N'B1',N'KS',440,20,162000,'12/27/2013')
INSERT INTO Sach  VALUES (N'MS0305',N'Ruồi trâu',N'TTh',N'TG153',N'F2',N'KS',859,65,21000,'5/8/2017')
INSERT INTO Sach  VALUES (N'MS0306',N'Trên đường băng ',N'TT',N'TG129',N'A2',N'GT',830,85,81000,'1/27/2017')
INSERT INTO Sach  VALUES (N'MS0307',N'Nhà giả kim',N'CT',N'TG221',N'G1',N'LT',360,26,14000,'1/11/2015')
INSERT INTO Sach  VALUES (N'MS0308',N'P.S. I love you',N'CT',N'TG152',N'A1',N'IT',932,71,27000,'2/10/2015')
INSERT INTO Sach  VALUES (N'MS0309',N'Đất rừng phương nam',N'TTh',N'TG030',N'B2',N'IT',159,46,92000,'1/19/2013')
INSERT INTO Sach  VALUES (N'MS0310',N'Thời thơ ấu',N'KD',N'TG142',N'E3',N'LT',320,39,132000,'10/21/2014')
INSERT INTO Sach  VALUES (N'MS0311',N'Robinson Crusoe',N'TTh',N'TG002',N'F3',N'DH',73,87,190000,'11/6/2017')
INSERT INTO Sach  VALUES (N'MS0312',N'Thép đã tôi thế đấy',N'TTr',N'TG092',N'F2',N'KT',256,66,67000,'11/12/2010')
INSERT INTO Sach  VALUES (N'MS0313',N'Những ngày thơ ấu',N'VH',N'TG133',N'G3',N'TK',843,9,164000,'2/25/2011')
INSERT INTO Sach  VALUES (N'MS0314',N'Con Bim trắng tai đen',N'VH',N'TG182',N'B1',N'GTr',882,56,16000,'8/16/2016')
INSERT INTO Sach  VALUES (N'MS0315',N'Ivanhoe',N'PN',N'TG069',N'E1',N'LT',874,53,127000,'4/27/2011')
INSERT INTO Sach  VALUES (N'MS0316',N'Bác Sĩ Zhivago',N'TT',N'TG188',N'F3',N'BT',732,34,105000,'9/14/2014')
INSERT INTO Sach  VALUES (N'MS0317',N'Nhà thờ Đức bà Paris',N'HD',N'TG102',N'A2',N'PT',870,59,50000,'10/25/2017')
INSERT INTO Sach  VALUES (N'MS0318',N'Truyện cổ Andersen',N'TG',N'TG126',N'B2',N'KT',723,16,12000,'8/24/2017')
INSERT INTO Sach  VALUES (N'MS0319',N'Hoa Tuylip đen',N'CT',N'TG044',N'E2',N'NN',400,14,105000,'5/16/2011')
INSERT INTO Sach  VALUES (N'MS0320',N'Trong gia đình',N'KD',N'TG066',N'F3',N'NN',435,26,13000,'8/25/2017')
INSERT INTO Sach  VALUES (N'MS0321',N'Chuông nguyện hồn ai',N'TG',N'TG059',N'C1',N'KS',549,37,134000,'9/20/2011')
INSERT INTO Sach  VALUES (N'MS0322',N'Truyện cổ Grim',N'TN',N'TG221',N'A2',N'KT',209,85,60000,'1/3/2014')
INSERT INTO Sach  VALUES (N'MS0323',N'Bông hồng vàng bình minh mưa ',N'TG',N'TG123',N'D3',N'KS',705,87,120000,'4/11/2011')
INSERT INTO Sach  VALUES (N'MS0324',N'Trở về Eden',N'TN',N'TG093',N'A2',N'HT',406,37,146000,'7/22/2014')
INSERT INTO Sach  VALUES (N'MS0325',N'Tìm về sức mạnh vô biên',N'TN',N'TG199',N'G3',N'IT',192,56,37000,'7/20/2014')
INSERT INTO Sach  VALUES (N'MS0326',N'Những đề và bài văn nghị luận văn học theo hướng mở',N'HD',N'TG093',N'F2',N'PT',828,21,27000,'1/2/2015')
INSERT INTO Sach  VALUES (N'MS0327',N'Hướng dẫn ôn tập và làm bài thi môn Văn nghị luận xã hội',N'TH',N'TG143',N'A1',N'NN',633,72,112000,'3/22/2013')
INSERT INTO Sach  VALUES (N'MS0328',N'Những bài văn đạt giải quốc gia',N'TN',N'TG038',N'G2',N'HT',701,95,198000,'3/5/2012')
INSERT INTO Sach  VALUES (N'MS0329',N'Chuyên đề chuyên sâu bồi dưỡng ngữ văn 12',N'KD',N'TG004',N'B2',N'GTr',896,33,190000,'4/4/2016')
INSERT INTO Sach  VALUES (N'MS0330',N'Những bài văn đạt điểm cao của học sinh giỏi lớp 12',N'TTh',N'TG180',N'G1',N'GTr',551,53,9000,'11/2/2013')
INSERT INTO Sach  VALUES (N'MS0331',N'Những điều cần biết bồi dưỡng học sinh giỏi ngữ văn 12',N'HD',N'TG183',N'B1',N'LT',916,2,52000,'1/20/2013')
INSERT INTO Sach  VALUES (N'MS0332',N'Siêu tư duy ngữ văn luyện đề THPTQG 2016-2017',N'VN',N'TG167',N'A2',N'DH',83,97,93000,'6/6/2017')
INSERT INTO Sach  VALUES (N'MS0333',N'Thần tốc luyện đề chuẩn bị kỳ thi THPTQG VĂn 2016-2017',N'VN',N'TG019',N'A1',N'TK',841,24,84000,'3/4/2013')
INSERT INTO Sach  VALUES (N'MS0334',N'Những dạng bài nghị luận xã hội thường gặp',N'TTr',N'TG099',N'E1',N'TK',770,42,102000,'11/3/2013')
INSERT INTO Sach  VALUES (N'MS0335',N'Những dạng bài thường gặp trong ĐTTS môn Văn',N'VN',N'TG081',N'A2',N'TK',244,52,18000,'7/6/2012')
INSERT INTO Sach  VALUES (N'MS0336',N'Chuyên đề chuyên sâu bồi dưỡng ngữ văn 11',N'TT',N'TG200',N'E2',N'GTr',148,46,195000,'10/1/2015')
INSERT INTO Sach  VALUES (N'MS0337',N'Những điều cần biết bồi dưỡng học sinh giỏi ngữ văn 11',N'PN',N'TG108',N'B3',N'DH',582,97,128000,'9/4/2015')
INSERT INTO Sach  VALUES (N'MS0338',N'Chuyên đề chuyên sâu bồi dưỡng ngữ văn 10',N'TN',N'TG164',N'C1',N'BT',910,98,157000,'4/9/2017')
INSERT INTO Sach  VALUES (N'MS0339',N'Những điều cần biết bồi dưỡng học sinh giỏi ngữ văn 10',N'CT',N'TG197',N'D1',N'IT',315,70,159000,'8/25/2016')
INSERT INTO Sach  VALUES (N'MS0340',N'Tuyển tập đề thi môn tiếng anh',N'KD',N'TG099',N'C3',N'BT',722,71,180000,'11/18/2010')
INSERT INTO Sach  VALUES (N'MS0341',N'Bộ đề thi THPTQG môn tiếng anh',N'LD',N'TG094',N'B2',N'IT',950,37,5000,'4/6/2014')
INSERT INTO Sach  VALUES (N'MS0342',N'Thần tốc luyện đề chuẩn bị kỳ thi THPTQG Tiếng Anh 2016-2017',N'HD',N'TG188',N'F1',N'TK',124,47,17000,'5/24/2014')
INSERT INTO Sach  VALUES (N'MS0343',N'Tài liệu bồi dưỡng Tiếng Anh 12',N'TT',N'TG051',N'B1',N'KT',156,7,152000,'5/22/2011')
INSERT INTO Sach  VALUES (N'MS0344',N'Công phá 99 đề thi THPTQG - Bộ ĐT mới nhất Tiếng Anh Q1',N'TTh',N'TG054',N'A1',N'HT',157,46,34000,'12/3/2012')
INSERT INTO Sach  VALUES (N'MS0345',N'Công phá 99 đề thi THPTQG - Bộ ĐT mới nhất Tiếng Anh Q2',N'TN',N'TG108',N'D3',N'KS',590,48,167000,'9/26/2012')
INSERT INTO Sach  VALUES (N'MS0346',N'Tuyển tập 310 bài đọc hiểu trắc nghiệm tiếng anh',N'TTr',N'TG070',N'A2',N'TK',701,58,77000,'8/15/2017')
INSERT INTO Sach  VALUES (N'MS0347',N'Ngân hàng đề thi THPT QG môn Tiếng Anh',N'CT',N'TG117',N'A3',N'KT',678,47,174000,'5/7/2016')
INSERT INTO Sach  VALUES (N'MS0348',N'Tài liệu bồi dưỡng Tiếng Anh 11',N'KD',N'TG125',N'E1',N'GT',254,15,113000,'11/14/2014')
INSERT INTO Sach  VALUES (N'MS0349',N'Hướng dẫn luyện thi THPTQG môn Lịch sử ',N'TTr',N'TG183',N'F2',N'PT',573,79,159000,'12/14/2010')
INSERT INTO Sach  VALUES (N'MS0350',N'Kể chuyện lịch sử VN T1- Từ nguồn gốc đến năm 1858',N'TN',N'TG178',N'F2',N'GT',159,72,120000,'8/1/2017')
INSERT INTO Sach  VALUES (N'MS0351',N'Kể chuyện lịch sử VN T2- Từ năm 1858 đến năm 1975',N'TN',N'TG146',N'A3',N'GT',996,77,167000,'6/1/2012')
INSERT INTO Sach  VALUES (N'MS0352',N'Thần tốc luyện đề chuẩn bị kì thi THPTQG lịch sử 2016-2017',N'TH',N'TG118',N'G1',N'KS',483,73,109000,'5/8/2016')
INSERT INTO Sach  VALUES (N'MS0353',N'Công phá đề thi THPTQG môn lịch sử',N'VN',N'TG062',N'G2',N'TK',215,79,174000,'1/25/2013')
INSERT INTO Sach  VALUES (N'MS0354',N'Bồi dưỡng học sinh giỏi lịch sử 12',N'VH',N'TG059',N'E2',N'GTr',276,3,138000,'2/10/2012')
INSERT INTO Sach  VALUES (N'MS0355',N'Hướng dẫn ôn thi THPTQG môn Địa lý',N'VH',N'TG196',N'B3',N'GTr',157,86,49000,'2/1/2016')
INSERT INTO Sach  VALUES (N'MS0356',N'Thần tốc luyện đề chuẩn bị kì thi THPTQGđịa lý 2016-2017',N'LD',N'TG073',N'G2',N'KT',309,52,134000,'3/18/2017')
INSERT INTO Sach  VALUES (N'MS0357',N'Bồi dưỡng HSG tiếng anh 11',N'TTr',N'TG111',N'B1',N'KS',348,100,107000,'10/23/2013')
INSERT INTO Sach  VALUES (N'MS0358',N'Bác Hồ và những Bh về ĐĐLS cho HS lớp 10',N'VH',N'TG116',N'F3',N'HT',279,46,142000,'11/16/2015')
INSERT INTO Sach  VALUES (N'MS0359',N'Bác Hồ và những Bh về ĐĐLS cho HS lớp 11',N'TT',N'TG063',N'B2',N'LT',271,51,199000,'9/11/2014')
INSERT INTO Sach  VALUES (N'MS0360',N'Bác Hồ và những Bh về ĐĐLS cho HS lớp 12',N'CT',N'TG093',N'A3',N'PT',184,38,50000,'4/25/2014')
INSERT INTO Sach  VALUES (N'MS0361',N'Luật Công Đoàn',N'HD',N'TG193',N'D1',N'GT',848,88,101000,'5/10/2015')
INSERT INTO Sach  VALUES (N'MS0362',N'Luật Khoa học và công nghệ',N'LD',N'TG071',N'G1',N'LT',190,38,137000,'3/22/2012')
INSERT INTO Sach  VALUES (N'MS0363',N'Luật Giáo  dục đại học',N'TG',N'TG175',N'C3',N'IT',1000,44,19000,'12/2/2015')
INSERT INTO Sach  VALUES (N'MS0364',N'Luật bảo hiểm y tế',N'TTr',N'TG163',N'C2',N'GT',157,100,155000,'5/6/2012')
INSERT INTO Sach  VALUES (N'MS0365',N'Luật biền Việt Nam',N'TTh',N'TG144',N'C3',N'HT',477,16,19000,'10/12/2012')
INSERT INTO Sach  VALUES (N'MS0366',N'luật việc làm',N'TT',N'TG171',N'G1',N'TK',345,2,34000,'8/5/2016')
INSERT INTO Sach  VALUES (N'MS0367',N'Luật bảo hiểm xã hội',N'TTr',N'TG060',N'C1',N'HT',193,68,85000,'9/3/2011')
INSERT INTO Sach  VALUES (N'MS0368',N'Luật tiếp công dân',N'VH',N'TG064',N'A2',N'GT',783,14,74000,'2/10/2013')
INSERT INTO Sach  VALUES (N'MS0369',N'Luật thi đua khen thưởng 2003',N'TG',N'TG135',N'F1',N'PT',101,79,189000,'6/23/2010')
INSERT INTO Sach  VALUES (N'MS0370',N'Luật xử lý vi phạm hành chính',N'CT',N'TG156',N'D3',N'KT',600,39,36000,'10/10/2015')
INSERT INTO Sach  VALUES (N'MS0371',N'Luật thuế thu nhập cá nhân',N'LD',N'TG142',N'A1',N'GT',173,5,44000,'10/28/2015')
INSERT INTO Sach  VALUES (N'MS0372',N'Luật hôn nhân và gia đình',N'VN',N'TG220',N'G1',N'HT',298,4,14000,'6/22/2014')
INSERT INTO Sach  VALUES (N'MS0373',N'Luật phổ biến giáo dục pháp luật',N'VN',N'TG103',N'E2',N'BT',849,50,81000,'1/11/2011')
INSERT INTO Sach  VALUES (N'MS0374',N'Hiến pháp nước CHXHCNVN',N'PN',N'TG162',N'C3',N'TK',391,73,111000,'2/23/2013')
INSERT INTO Sach  VALUES (N'MS0375',N'TT đề thi Olimpic 2016 môn Toán',N'TH',N'TG139',N'D2',N'KS',160,6,139000,'1/12/2016')
INSERT INTO Sach  VALUES (N'MS0376',N'TT đề thi Olimpic 2016 môn Vật lý',N'TTr',N'TG159',N'A1',N'BT',460,56,47000,'2/10/2016')
INSERT INTO Sach  VALUES (N'MS0377',N'TT đề thi Olimpic 2016 môn Hóa học',N'KD',N'TG083',N'E1',N'LT',796,61,9000,'1/30/2012')
INSERT INTO Sach  VALUES (N'MS0378',N'TT đề thi Olimpic 2016 môn Sinh học',N'PN',N'TG175',N'B3',N'DH',582,52,139000,'10/18/2011')
INSERT INTO Sach  VALUES (N'MS0379',N'TT đề thi Olimpic 2016 môn Ngữ Văn',N'LD',N'TG099',N'F2',N'KT',230,87,160000,'1/6/2015')
INSERT INTO Sach  VALUES (N'MS0380',N'TT đề thi Olimpic 2016 môn Lịch sử',N'VH',N'TG209',N'C2',N'TK',59,26,192000,'5/21/2015')
INSERT INTO Sach  VALUES (N'MS0381',N'TT đề thi Olimpic 2016 môn Địa lý',N'TT',N'TG096',N'D3',N'PT',546,90,102000,'10/8/2013')
INSERT INTO Sach  VALUES (N'MS0382',N'TT đề thi Olimpic 2016 môn Tiếng anh',N'TT',N'TG166',N'B2',N'LT',189,98,78000,'6/25/2011')
INSERT INTO Sach  VALUES (N'MS0383',N'450 BTTN Đại số - Lượng giác',N'VN',N'TG165',N'A2',N'BT',908,36,156000,'8/28/2010')
INSERT INTO Sach  VALUES (N'MS0384',N'451 BTTN Giải tích',N'TN',N'TG074',N'C2',N'NN',974,56,115000,'9/15/2015')
INSERT INTO Sach  VALUES (N'MS0385',N'452 BTTN Hình học',N'VN',N'TG216',N'A3',N'IT',777,57,169000,'12/7/2012')
INSERT INTO Sach  VALUES (N'MS0386',N'Bộ đề TN LTTHPTQG 2017 môn Toán',N'TH',N'TG211',N'G3',N'KS',254,94,38000,'12/17/2012')
INSERT INTO Sach  VALUES (N'MS0387',N'Bộ đề TN LTTHPTQG 2017 môn Ngữ văn',N'KD',N'TG047',N'E2',N'KS',275,61,94000,'10/12/2011')
INSERT INTO Sach  VALUES (N'MS0388',N'Bộ đề TN LTTHPTQG 2017 môn Tiếng anh',N'VH',N'TG085',N'B2',N'NN',864,59,82000,'5/25/2010')
INSERT INTO Sach  VALUES (N'MS0389',N'Bộ đề TN LTTHPTQG 2017 môn KHTN T1',N'TTr',N'TG108',N'E2',N'GTr',325,77,144000,'3/14/2013')
INSERT INTO Sach  VALUES (N'MS0390',N'Bộ đề TN LTTHPTQG 2017 môn KHTN T2',N'TTh',N'TG189',N'E3',N'KT',928,43,96000,'12/1/2013')
INSERT INTO Sach  VALUES (N'MS0391',N'Bộ đề TN LTTHPTQG 2017 môn KHXH T1',N'TN',N'TG097',N'A1',N'PT',85,70,161000,'4/10/2012')
INSERT INTO Sach  VALUES (N'MS0392',N'Bộ đề TN LTTHPTQG 2017 môn KHXH T2',N'TTh',N'TG153',N'B1',N'GTr',330,75,156000,'12/13/2011')
INSERT INTO Sach  VALUES (N'MS0393',N'Ôn luyện TN thi THPTQG 2017 môn Toán',N'TT',N'TG151',N'G3',N'TK',672,63,22000,'1/5/2015')
INSERT INTO Sach  VALUES (N'MS0394',N'Ôn luyện TN thi THPTQG 2017 môn Ngữ Văn',N'LD',N'TG048',N'D1',N'IT',129,90,70000,'7/15/2014')
INSERT INTO Sach  VALUES (N'MS0395',N'Ôn luyện TN thi THPTQG 2017 môn Tiếng anh',N'TTr',N'TG154',N'G2',N'KS',667,11,19000,'4/22/2010')
INSERT INTO Sach  VALUES (N'MS0396',N'Ôn luyện TN thi THPTQG 2017 KHTN',N'TTr',N'TG013',N'A3',N'LT',5,88,90000,'8/13/2010')
INSERT INTO Sach  VALUES (N'MS0397',N'Ôn luyện TN thi THPTQG 2017 KHXH',N'HD',N'TG205',N'G2',N'HT',521,77,175000,'11/1/2013')
INSERT INTO Sach  VALUES (N'MS0398',N'Trắc nghiệm Toán 12',N'TTr',N'TG218',N'B2',N'PT',315,43,125000,'1/23/2012')
INSERT INTO Sach  VALUES (N'MS0399',N'Trắc nghiệm Lịch sử 12',N'KD',N'TG022',N'C2',N'PT',340,18,137000,'2/18/2014')
INSERT INTO Sach  VALUES (N'MS0400',N'Trắc nghiệm Địa lý 12',N'KD',N'TG189',N'D2',N'KS',131,29,81000,'11/6/2011')
INSERT INTO Sach  VALUES (N'MS0401',N'Trắc nghiệm GDCD 12',N'KD',N'TG100',N'E2',N'BT',958,36,44000,'11/21/2016')
INSERT INTO Sach  VALUES (N'MS0402',N'Câu hỏi TNKQ ôn thi THPTQG môn Toán',N'TG',N'TG097',N'B2',N'HT',838,92,72000,'6/9/2012')
INSERT INTO Sach  VALUES (N'MS0403',N'Câu hỏi TNKQ ôn thi THPTQG môn Tiếng anh',N'KD',N'TG152',N'D3',N'NN',830,97,71000,'11/6/2017')
INSERT INTO Sach  VALUES (N'MS0404',N'Câu hỏi TNKQ ôn thi THPTQG môn Lý hóa sinh',N'VN',N'TG051',N'B3',N'PT',820,94,156000,'1/26/2010')
INSERT INTO Sach  VALUES (N'MS0405',N'Câu hỏi TNKQ ôn thi THPTQG môn Sử địa GDCD',N'VH',N'TG198',N'C2',N'GT',550,29,158000,'6/20/2012')
INSERT INTO Sach  VALUES (N'MS0406',N'Luật tố tụng hành chính',N'TH',N'TG143',N'D2',N'KS',460,6,16000,'4/26/2013')
INSERT INTO Sach  VALUES (N'MS0407',N'Luật bảo vệ môi trường',N'HD',N'TG109',N'C1',N'PT',785,69,126000,'11/2/2016')
INSERT INTO Sach  VALUES (N'MS0408',N'Bộ luật lao động',N'KD',N'TG215',N'F3',N'IT',774,35,94000,'8/1/2013')
INSERT INTO Sach  VALUES (N'MS0409',N'Luật xử lý vi phạm hành chính',N'TG',N'TG038',N'A3',N'KS',93,84,104000,'12/12/2014')
INSERT INTO Sach  VALUES (N'MS0410',N'Luật phòng chống tội phạm buôn bán người và trẻ em',N'TN',N'TG157',N'B3',N'HT',101,63,93000,'11/13/2017')
INSERT INTO Sach  VALUES (N'MS0411',N'Luật trẻ em',N'PN',N'TG130',N'B2',N'KT',425,95,184000,'8/14/2013')
INSERT INTO Sach  VALUES (N'MS0412',N'Luật tố cáo',N'TTh',N'TG128',N'D3',N'KS',675,52,96000,'1/25/2013')
INSERT INTO Sach  VALUES (N'MS0413',N'Luật khiếu nại',N'TT',N'TG001',N'E3',N'BT',713,23,15000,'8/12/2010')
INSERT INTO Sach  VALUES (N'MS0414',N'Luật phổ biến giáo dục pháp luật',N'CT',N'TG159',N'C3',N'DH',386,49,7000,'5/19/2013')
INSERT INTO Sach  VALUES (N'MS0415',N'Hiến pháp nước CHXHCNVN',N'HD',N'TG126',N'D3',N'DH',280,21,95000,'9/10/2010')
INSERT INTO Sach  VALUES (N'MS0416',N'Read Listening & Speaking 1',N'TTh',N'TG032',N'F2',N'IT',341,56,9000,'5/20/2011')
INSERT INTO Sach  VALUES (N'MS0417',N'Read Listening & Speaking 2',N'TTh',N'TG076',N'D3',N'IT',46,85,175000,'9/5/2013')
INSERT INTO Sach  VALUES (N'MS0418',N'Read Listening & Speaking 3',N'CT',N'TG198',N'A2',N'PT',738,26,155000,'2/20/2011')
INSERT INTO Sach  VALUES (N'MS0419',N'Read Listening & Speaking 4',N'TTr',N'TG167',N'E3',N'DH',614,95,100000,'5/28/2017')			
			
